-- phpMyAdmin SQL Dump
-- version 5.1.1
-- https://www.phpmyadmin.net/
--
-- Host: 127.0.0.1
-- Generation Time: Nov 23, 2022 at 02:43 PM
-- Server version: 10.4.22-MariaDB
-- PHP Version: 7.3.33

SET SQL_MODE = "NO_AUTO_VALUE_ON_ZERO";
START TRANSACTION;
SET time_zone = "+00:00";


/*!40101 SET @OLD_CHARACTER_SET_CLIENT=@@CHARACTER_SET_CLIENT */;
/*!40101 SET @OLD_CHARACTER_SET_RESULTS=@@CHARACTER_SET_RESULTS */;
/*!40101 SET @OLD_COLLATION_CONNECTION=@@COLLATION_CONNECTION */;
/*!40101 SET NAMES utf8mb4 */;

--
-- Database: `salon`
--

-- --------------------------------------------------------

--
-- Table structure for table `admin`
--

CREATE TABLE `admin` (
  `admin_id` int(11) NOT NULL,
  `admin_name` varchar(100) NOT NULL,
  `admin_username` varchar(100) NOT NULL,
  `admin_pass` varchar(100) NOT NULL
) ENGINE=InnoDB DEFAULT CHARSET=utf8mb4;

--
-- Dumping data for table `admin`
--

INSERT INTO `admin` (`admin_id`, `admin_name`, `admin_username`, `admin_pass`) VALUES
(1, 'Divya', 'admin', '21232f297a57a5a743894a0e4a801fc3');

-- --------------------------------------------------------

--
-- Table structure for table `categories`
--

CREATE TABLE `categories` (
  `s_id` int(11) NOT NULL,
  `s_name` varchar(200) NOT NULL
) ENGINE=InnoDB DEFAULT CHARSET=utf8mb4;

--
-- Dumping data for table `categories`
--

INSERT INTO `categories` (`s_id`, `s_name`) VALUES
(1, 'Body Treatment'),
(2, 'Bridal Spa'),
(3, 'Dance Fitness'),
(4, 'Express Fitness'),
(5, 'Eye'),
(6, 'Face'),
(7, 'Fitness'),
(8, 'Gold well Hair Treatments'),
(9, 'Hair'),
(10, 'Massage'),
(11, 'Nails'),
(12, 'Other Income'),
(13, 'Premium Fitness'),
(14, 'Prom Package'),
(15, 'Thalgo Facial'),
(16, 'Vie Collection Facial'),
(17, 'Waxing');

-- --------------------------------------------------------

--
-- Table structure for table `countries`
--

CREATE TABLE `countries` (
  `id` bigint(20) UNSIGNED NOT NULL,
  `code` varchar(191) COLLATE utf8mb4_unicode_ci NOT NULL,
  `dial_code` int(11) DEFAULT NULL,
  `name` varchar(191) COLLATE utf8mb4_unicode_ci NOT NULL,
  `created_at` timestamp NULL DEFAULT NULL,
  `updated_at` timestamp NULL DEFAULT NULL
) ENGINE=InnoDB DEFAULT CHARSET=utf8mb4 COLLATE=utf8mb4_unicode_ci;

--
-- Dumping data for table `countries`
--

INSERT INTO `countries` (`id`, `code`, `dial_code`, `name`, `created_at`, `updated_at`) VALUES
(1, 'AX', 358, '&#197;land Islands', NULL, NULL),
(2, 'AF', 93, 'Afghanistan', NULL, NULL),
(3, 'AL', 355, 'Albania', NULL, NULL),
(4, 'DZ', 213, 'Algeria', NULL, NULL),
(5, 'AS', 1684, 'American Samoa', NULL, NULL),
(6, 'AD', 376, 'Andorra', NULL, NULL),
(7, 'AO', 244, 'Angola', NULL, NULL),
(8, 'AI', 1264, 'Anguilla', NULL, NULL),
(9, 'AQ', 672, 'Antarctica', NULL, NULL),
(10, 'AG', 1268, 'Antigua and Barbuda', NULL, NULL),
(11, 'AR', 54, 'Argentina', NULL, NULL),
(12, 'AM', 374, 'Armenia', NULL, NULL),
(13, 'AW', 297, 'Aruba', NULL, NULL),
(14, 'AU', 61, 'Australia', NULL, NULL),
(15, 'AT', 43, 'Austria', NULL, NULL),
(16, 'AZ', 994, 'Azerbaijan', NULL, NULL),
(17, 'BS', 1242, 'Bahamas', NULL, NULL),
(18, 'BH', 973, 'Bahrain', NULL, NULL),
(19, 'BD', 880, 'Bangladesh', NULL, NULL),
(20, 'BB', 1246, 'Barbados', NULL, NULL),
(21, 'BY', 375, 'Belarus', NULL, NULL),
(22, 'PW', 680, 'Belau', NULL, NULL),
(23, 'BE', 32, 'Belgium', NULL, NULL),
(24, 'BZ', 501, 'Belize', NULL, NULL),
(25, 'BJ', 229, 'Benin', NULL, NULL),
(26, 'BM', 1441, 'Bermuda', NULL, NULL),
(27, 'BT', 975, 'Bhutan', NULL, NULL),
(28, 'BO', 591, 'Bolivia', NULL, NULL),
(29, 'BQ', 599, 'Bonaire, Saint Eustatius and Saba', NULL, NULL),
(30, 'BA', 387, 'Bosnia and Herzegovina', NULL, NULL),
(31, 'BW', 267, 'Botswana', NULL, NULL),
(32, 'BV', 47, 'Bouvet Island', NULL, NULL),
(33, 'BR', 55, 'Brazil', NULL, NULL),
(34, 'IO', 246, 'British Indian Ocean Territory', NULL, NULL),
(35, 'BN', 673, 'Brunei', NULL, NULL),
(36, 'BG', 359, 'Bulgaria', NULL, NULL),
(37, 'BF', 226, 'Burkina Faso', NULL, NULL),
(38, 'BI', 257, 'Burundi', NULL, NULL),
(39, 'KH', 855, 'Cambodia', NULL, NULL),
(40, 'CM', 237, 'Cameroon', NULL, NULL),
(41, 'CA', 1, 'Canada', NULL, NULL),
(42, 'CV', 238, 'Cape Verde', NULL, NULL),
(43, 'KY', 345, 'Cayman Islands', NULL, NULL),
(44, 'CF', 236, 'Central African Republic', NULL, NULL),
(45, 'TD', 235, 'Chad', NULL, NULL),
(46, 'CL', 56, 'Chile', NULL, NULL),
(47, 'CN', 86, 'China', NULL, NULL),
(48, 'CX', 61, 'Christmas Island', NULL, NULL),
(49, 'CC', 61, 'Cocos (Keeling) Islands', NULL, NULL),
(50, 'CO', 57, 'Colombia', NULL, NULL),
(51, 'KM', 269, 'Comoros', NULL, NULL),
(52, 'CG', 242, 'Congo (Brazzaville)', NULL, NULL),
(53, 'CD', 243, 'Congo (Kinshasa)', NULL, NULL),
(54, 'CK', 682, 'Cook Islands', NULL, NULL),
(55, 'CR', 506, 'Costa Rica', NULL, NULL),
(56, 'HR', 385, 'Croatia', NULL, NULL),
(57, 'CU', 53, 'Cuba', NULL, NULL),
(58, 'CW', 599, 'Cura&ccedil;ao', NULL, NULL),
(59, 'CY', 357, 'Cyprus', NULL, NULL),
(60, 'CZ', 420, 'Czech Republic', NULL, NULL),
(61, 'DK', 45, 'Denmark', NULL, NULL),
(62, 'DJ', 253, 'Djibouti', NULL, NULL),
(63, 'DM', 1767, 'Dominica', NULL, NULL),
(64, 'DO', 1849, 'Dominican Republic', NULL, NULL),
(65, 'EC', 593, 'Ecuador', NULL, NULL),
(66, 'EG', 20, 'Egypt', NULL, NULL),
(67, 'SV', 503, 'El Salvador', NULL, NULL),
(68, 'GQ', 240, 'Equatorial Guinea', NULL, NULL),
(69, 'ER', 291, 'Eritrea', NULL, NULL),
(70, 'EE', 372, 'Estonia', NULL, NULL),
(71, 'ET', 251, 'Ethiopia', NULL, NULL),
(72, 'FK', 500, 'Falkland Islands', NULL, NULL),
(73, 'FO', 298, 'Faroe Islands', NULL, NULL),
(74, 'FJ', 679, 'Fiji', NULL, NULL),
(75, 'FI', 358, 'Finland', NULL, NULL),
(76, 'FR', 33, 'France', NULL, NULL),
(77, 'GF', 594, 'French Guiana', NULL, NULL),
(78, 'PF', 689, 'French Polynesia', NULL, NULL),
(79, 'TF', 262, 'French Southern Territories', NULL, NULL),
(80, 'GA', 241, 'Gabon', NULL, NULL),
(81, 'GM', 220, 'Gambia', NULL, NULL),
(82, 'GE', 995, 'Georgia', NULL, NULL),
(83, 'DE', 49, 'Germany', NULL, NULL),
(84, 'GH', 233, 'Ghana', NULL, NULL),
(85, 'GI', 350, 'Gibraltar', NULL, NULL),
(86, 'GR', 30, 'Greece', NULL, NULL),
(87, 'GL', 299, 'Greenland', NULL, NULL),
(88, 'GD', 1473, 'Grenada', NULL, NULL),
(89, 'GP', 590, 'Guadeloupe', NULL, NULL),
(90, 'GU', 1671, 'Guam', NULL, NULL),
(91, 'GT', 502, 'Guatemala', NULL, NULL),
(92, 'GG', 44, 'Guernsey', NULL, NULL),
(93, 'GN', 224, 'Guinea', NULL, NULL),
(94, 'GW', 245, 'Guinea-Bissau', NULL, NULL),
(95, 'GY', 595, 'Guyana', NULL, NULL),
(96, 'HT', 509, 'Haiti', NULL, NULL),
(97, 'HM', 672, 'Heard Island and McDonald Islands', NULL, NULL),
(98, 'HN', 504, 'Honduras', NULL, NULL),
(99, 'HK', 852, 'Hong Kong', NULL, NULL),
(100, 'HU', 36, 'Hungary', NULL, NULL),
(101, 'IS', 354, 'Iceland', NULL, NULL),
(102, 'IN', 91, 'India', NULL, NULL),
(103, 'ID', 62, 'Indonesia', NULL, NULL),
(104, 'IR', 98, 'Iran', NULL, NULL),
(105, 'IQ', 964, 'Iraq', NULL, NULL),
(106, 'IE', 353, 'Ireland', NULL, NULL),
(107, 'IM', 44, 'Isle of Man', NULL, NULL),
(108, 'IL', 972, 'Israel', NULL, NULL),
(109, 'IT', 39, 'Italy', NULL, NULL),
(110, 'CI', 225, 'Ivory Coast', NULL, NULL),
(111, 'JM', 1876, 'Jamaica', NULL, NULL),
(112, 'JP', 81, 'Japan', NULL, NULL),
(113, 'JE', 44, 'Jersey', NULL, NULL),
(114, 'JO', 962, 'Jordan', NULL, NULL),
(115, 'KZ', 77, 'Kazakhstan', NULL, NULL),
(116, 'KE', 254, 'Kenya', NULL, NULL),
(117, 'KI', 686, 'Kiribati', NULL, NULL),
(118, 'KW', 965, 'Kuwait', NULL, NULL),
(119, 'KG', 996, 'Kyrgyzstan', NULL, NULL),
(120, 'LA', 856, 'Laos', NULL, NULL),
(121, 'LV', 371, 'Latvia', NULL, NULL),
(122, 'LB', 961, 'Lebanon', NULL, NULL),
(123, 'LS', 266, 'Lesotho', NULL, NULL),
(124, 'LR', 231, 'Liberia', NULL, NULL),
(125, 'LY', 218, 'Libya', NULL, NULL),
(126, 'LI', 423, 'Liechtenstein', NULL, NULL),
(127, 'LT', 370, 'Lithuania', NULL, NULL),
(128, 'LU', 352, 'Luxembourg', NULL, NULL),
(129, 'MO', 853, 'Macao', NULL, NULL),
(130, 'MG', 261, 'Madagascar', NULL, NULL),
(131, 'MW', 265, 'Malawi', NULL, NULL),
(132, 'MY', 60, 'Malaysia', NULL, NULL),
(133, 'MV', 960, 'Maldives', NULL, NULL),
(134, 'ML', 223, 'Mali', NULL, NULL),
(135, 'MT', 356, 'Malta', NULL, NULL),
(136, 'MH', 692, 'Marshall Islands', NULL, NULL),
(137, 'MQ', 596, 'Martinique', NULL, NULL),
(138, 'MR', 222, 'Mauritania', NULL, NULL),
(139, 'MU', 230, 'Mauritius', NULL, NULL),
(140, 'YT', 262, 'Mayotte', NULL, NULL),
(141, 'MX', 52, 'Mexico', NULL, NULL),
(142, 'FM', 691, 'Micronesia', NULL, NULL),
(143, 'MD', 373, 'Moldova', NULL, NULL),
(144, 'MC', 377, 'Monaco', NULL, NULL),
(145, 'MN', 976, 'Mongolia', NULL, NULL),
(146, 'ME', 382, 'Montenegro', NULL, NULL),
(147, 'MS', 1664, 'Montserrat', NULL, NULL),
(148, 'MA', 212, 'Morocco', NULL, NULL),
(149, 'MZ', 258, 'Mozambique', NULL, NULL),
(150, 'MM', 95, 'Myanmar', NULL, NULL),
(151, 'NA', 264, 'Namibia', NULL, NULL),
(152, 'NR', 674, 'Nauru', NULL, NULL),
(153, 'NP', 977, 'Nepal', NULL, NULL),
(154, 'NL', 31, 'Netherlands', NULL, NULL),
(155, 'NC', 687, 'New Caledonia', NULL, NULL),
(156, 'NZ', 64, 'New Zealand', NULL, NULL),
(157, 'NI', 505, 'Nicaragua', NULL, NULL),
(158, 'NE', 227, 'Niger', NULL, NULL),
(159, 'NG', 234, 'Nigeria', NULL, NULL),
(160, 'NU', 683, 'Niue', NULL, NULL),
(161, 'NF', 672, 'Norfolk Island', NULL, NULL),
(162, 'KP', 850, 'North Korea', NULL, NULL),
(163, 'MK', 389, 'North Macedonia', NULL, NULL),
(164, 'MP', 1670, 'Northern Mariana Islands', NULL, NULL),
(165, 'NO', 47, 'Norway', NULL, NULL),
(166, 'OM', 968, 'Oman', NULL, NULL),
(167, 'PK', 92, 'Pakistan', NULL, NULL),
(168, 'PS', 970, 'Palestinian Territory', NULL, NULL),
(169, 'PA', 507, 'Panama', NULL, NULL),
(170, 'PG', 675, 'Papua New Guinea', NULL, NULL),
(171, 'PY', 595, 'Paraguay', NULL, NULL),
(172, 'PE', 51, 'Peru', NULL, NULL),
(173, 'PH', 63, 'Philippines', NULL, NULL),
(174, 'PN', 872, 'Pitcairn', NULL, NULL),
(175, 'PL', 48, 'Poland', NULL, NULL),
(176, 'PT', 351, 'Portugal', NULL, NULL),
(177, 'PR', 1939, 'Puerto Rico', NULL, NULL),
(178, 'QA', 974, 'Qatar', NULL, NULL),
(179, 'RE', 262, 'Reunion', NULL, NULL),
(180, 'RO', 40, 'Romania', NULL, NULL),
(181, 'RU', 7, 'Russia', NULL, NULL),
(182, 'RW', 250, 'Rwanda', NULL, NULL),
(183, 'ST', 239, 'S&atilde;o Tom&eacute; and Pr&iacute;ncipe', NULL, NULL),
(184, 'BL', 590, 'Saint Barth&eacute;lemy', NULL, NULL),
(185, 'SH', 290, 'Saint Helena', NULL, NULL),
(186, 'KN', 1869, 'Saint Kitts and Nevis', NULL, NULL),
(187, 'LC', 1758, 'Saint Lucia', NULL, NULL),
(188, 'SX', 1721, 'Saint Martin (Dutch part)', NULL, NULL),
(189, 'MF', 590, 'Saint Martin (French part)', NULL, NULL),
(190, 'PM', 508, 'Saint Pierre and Miquelon', NULL, NULL),
(191, 'VC', 1784, 'Saint Vincent and the Grenadines', NULL, NULL),
(192, 'WS', 685, 'Samoa', NULL, NULL),
(193, 'SM', 378, 'San Marino', NULL, NULL),
(194, 'SA', 966, 'Saudi Arabia', NULL, NULL),
(195, 'SN', 221, 'Senegal', NULL, NULL),
(196, 'RS', 381, 'Serbia', NULL, NULL),
(197, 'SC', 248, 'Seychelles', NULL, NULL),
(198, 'SL', 232, 'Sierra Leone', NULL, NULL),
(199, 'SG', 65, 'Singapore', NULL, NULL),
(200, 'SK', 421, 'Slovakia', NULL, NULL),
(201, 'SI', 386, 'Slovenia', NULL, NULL),
(202, 'SB', 677, 'Solomon Islands', NULL, NULL),
(203, 'SO', 252, 'Somalia', NULL, NULL),
(204, 'ZA', 27, 'South Africa', NULL, NULL),
(205, 'GS', 500, 'South Georgia/Sandwich Islands', NULL, NULL),
(206, 'KR', 82, 'South Korea', NULL, NULL),
(207, 'SS', 211, 'South Sudan', NULL, NULL),
(208, 'ES', 34, 'Spain', NULL, NULL),
(209, 'LK', 94, 'Sri Lanka', NULL, NULL),
(210, 'SD', 249, 'Sudan', NULL, NULL),
(211, 'SR', 597, 'Suriname', NULL, NULL),
(212, 'SJ', 47, 'Svalbard and Jan Mayen', NULL, NULL),
(213, 'SZ', 268, 'Swaziland', NULL, NULL),
(214, 'SE', 46, 'Sweden', NULL, NULL),
(215, 'CH', 41, 'Switzerland', NULL, NULL),
(216, 'SY', 963, 'Syria', NULL, NULL),
(217, 'TW', 886, 'Taiwan', NULL, NULL),
(218, 'TJ', 992, 'Tajikistan', NULL, NULL),
(219, 'TZ', 255, 'Tanzania', NULL, NULL),
(220, 'TH', 66, 'Thailand', NULL, NULL),
(221, 'TL', 670, 'Timor-Leste', NULL, NULL),
(222, 'TG', 228, 'Togo', NULL, NULL),
(223, 'TK', 690, 'Tokelau', NULL, NULL),
(224, 'TO', 676, 'Tonga', NULL, NULL),
(225, 'TT', 1868, 'Trinidad and Tobago', NULL, NULL),
(226, 'TN', 216, 'Tunisia', NULL, NULL),
(227, 'TR', 90, 'Turkey', NULL, NULL),
(228, 'TM', 993, 'Turkmenistan', NULL, NULL),
(229, 'TC', 1649, 'Turks and Caicos Islands', NULL, NULL),
(230, 'TV', 688, 'Tuvalu', NULL, NULL),
(231, 'UG', 256, 'Uganda', NULL, NULL),
(232, 'UA', 380, 'Ukraine', NULL, NULL),
(233, 'AE', 971, 'United Arab Emirates', NULL, NULL),
(234, 'GB', 44, 'United Kingdom (UK)', NULL, NULL),
(235, 'US', 1, 'United States (US)', NULL, NULL),
(236, 'UM', 1, 'United States (US) Minor Outlying Islands', NULL, NULL),
(237, 'UY', 598, 'Uruguay', NULL, NULL),
(238, 'UZ', 998, 'Uzbekistan', NULL, NULL),
(239, 'VU', 678, 'Vanuatu', NULL, NULL),
(240, 'VA', 379, 'Vatican', NULL, NULL),
(241, 'VE', 58, 'Venezuela', NULL, NULL),
(242, 'VN', 84, 'Vietnam', NULL, NULL),
(243, 'VG', 1284, 'Virgin Islands (British)', NULL, NULL),
(244, 'VI', 1340, 'Virgin Islands (US)', NULL, NULL),
(245, 'WF', 681, 'Wallis and Futuna', NULL, NULL),
(246, 'EH', 212, 'Western Sahara', NULL, NULL),
(247, 'YE', 967, 'Yemen', NULL, NULL),
(248, 'ZM', 260, 'Zambia', NULL, NULL),
(249, 'ZW', 263, 'Zimbabwe', NULL, NULL);

-- --------------------------------------------------------

--
-- Table structure for table `customers`
--

CREATE TABLE `customers` (
  `c_id` int(11) NOT NULL,
  `c_code` varchar(10) NOT NULL,
  `branch_id` int(11) NOT NULL,
  `c_name` varchar(200) NOT NULL,
  `c_ticket` varchar(200) NOT NULL,
  `c_phone` varchar(200) NOT NULL,
  `c_whatsapp` varchar(50) NOT NULL,
  `c_date` date NOT NULL,
  `c_q1` int(11) NOT NULL,
  `c_q2` int(11) NOT NULL,
  `c_q3` int(11) NOT NULL,
  `c_q4` int(11) NOT NULL,
  `c_q5` int(11) NOT NULL,
  `c_q6` int(11) NOT NULL,
  `c_q7` int(11) NOT NULL,
  `c_comment` varchar(500) NOT NULL DEFAULT 'No comment',
  `c_status` tinyint(4) NOT NULL DEFAULT 0 COMMENT '0: Link not generated; 1: Reviewed; 2: Pending',
  `c_return` int(11) NOT NULL DEFAULT 0 COMMENT '1 = Definitely; 2 = Maybe; 3 = Definitely Not',
  `reg` tinyint(4) NOT NULL DEFAULT 1,
  `json_data` text DEFAULT NULL
) ENGINE=InnoDB DEFAULT CHARSET=utf8mb4;

--
-- Dumping data for table `customers`
--

INSERT INTO `customers` (`c_id`, `c_code`, `branch_id`, `c_name`, `c_ticket`, `c_phone`, `c_whatsapp`, `c_date`, `c_q1`, `c_q2`, `c_q3`, `c_q4`, `c_q5`, `c_q6`, `c_q7`, `c_comment`, `c_status`, `c_return`, `reg`, `json_data`) VALUES
(1, 'ldvERDC', 1, 'Rohit Singh', '345345345', '575675', '4564565', '2022-11-23', 0, 0, 0, 0, 0, 0, 0, 'No comment', 2, 0, 1, '{\"cust_id\":\"4\",\"cust_name\":\"Rohit\",\"last_name\":\"Singh\",\"con_cust_phone\":\"974\",\"cust_phone\":\"575675\",\"con_whatsapp_num\":\"974\",\"whatsapp_num\":\"4564565\",\"email\":\"dfbdb@g.com\",\"birthday\":\"\",\"anniversary\":\"\",\"con_work_phone\":\"974\",\"work_phone\":\"\",\"qatar_id\":\"\",\"cust_category\":\"\",\"address_1\":\"\",\"address_2\":\"\",\"address_3\":\"\",\"city\":\"\",\"zip\":\"\",\"state\":\"\",\"country\":\"India\",\"skin_allergy\":\"\",\"back_problem\":\"\",\"blood_pressure\":\"\",\"hear_ab_us\":\"\",\"others\":\"\",\"reg\":\"1\"}'),
(2, 'zofbfMA', 1, 'dfbdfb dfbdbfd', '4564645', '343453', '345345', '2022-11-23', 4, 5, 4, 3, 4, 3, 5, 'Hello World', 1, 1, 1, '{\"cust_id\":\"3\",\"cust_name\":\"dfbdfb\",\"last_name\":\"dfbdbfd\",\"con_cust_phone\":\"974\",\"cust_phone\":\"343453\",\"con_whatsapp_num\":\"974\",\"whatsapp_num\":\"345345\",\"email\":\"dfbdbf@g.com\",\"birthday\":\"04 May, 1956\",\"anniversary\":\"08 Jun, 1956\",\"con_work_phone\":\"974\",\"work_phone\":\"645464\",\"qatar_id\":\"KJGJKGKG\",\"cust_category\":\"kjhfbkj\",\"address_1\":\"kjdfkjb\",\"address_2\":\"kjvbd\",\"address_3\":\"hvbdf\",\"city\":\"khkjf\",\"zip\":\"498576894\",\"state\":\"kjfhbhb\",\"country\":\"khvdlkshd\",\"skin_allergy\":\"Yes\",\"back_problem\":\"Yes\",\"blood_pressure\":\"High\",\"hear_ab_us\":\"SMS\",\"others\":\"sdvsdvsv\",\"reg\":\"1\"}');

-- --------------------------------------------------------

--
-- Table structure for table `cust_name_phone`
--

CREATE TABLE `cust_name_phone` (
  `cust_id` int(11) NOT NULL,
  `cust_name` varchar(100) NOT NULL,
  `last_name` varchar(100) NOT NULL,
  `con_cust_phone` int(11) DEFAULT NULL,
  `cust_phone` varchar(50) NOT NULL,
  `con_whatsapp_num` int(11) DEFAULT NULL,
  `whatsapp_num` varchar(50) NOT NULL,
  `email` varchar(100) DEFAULT NULL,
  `birthday` varchar(50) DEFAULT NULL,
  `anniversary` varchar(50) DEFAULT NULL,
  `con_work_phone` int(11) DEFAULT NULL,
  `work_phone` varchar(50) DEFAULT NULL,
  `qatar_id` varchar(100) DEFAULT NULL,
  `cust_category` varchar(150) DEFAULT NULL,
  `address_1` varchar(150) DEFAULT NULL,
  `address_2` varchar(150) DEFAULT NULL,
  `address_3` varchar(150) DEFAULT NULL,
  `city` varchar(100) DEFAULT NULL,
  `zip` varchar(100) DEFAULT NULL,
  `state` varchar(100) DEFAULT NULL,
  `country` varchar(100) DEFAULT NULL,
  `skin_allergy` varchar(150) DEFAULT NULL,
  `back_problem` varchar(150) DEFAULT NULL,
  `blood_pressure` varchar(150) DEFAULT NULL,
  `hear_ab_us` varchar(150) DEFAULT NULL,
  `others` text DEFAULT NULL,
  `joined_on` timestamp NOT NULL DEFAULT current_timestamp(),
  `reg` tinyint(4) NOT NULL DEFAULT 1
) ENGINE=InnoDB DEFAULT CHARSET=utf8mb4;

--
-- Dumping data for table `cust_name_phone`
--

INSERT INTO `cust_name_phone` (`cust_id`, `cust_name`, `last_name`, `con_cust_phone`, `cust_phone`, `con_whatsapp_num`, `whatsapp_num`, `email`, `birthday`, `anniversary`, `con_work_phone`, `work_phone`, `qatar_id`, `cust_category`, `address_1`, `address_2`, `address_3`, `city`, `zip`, `state`, `country`, `skin_allergy`, `back_problem`, `blood_pressure`, `hear_ab_us`, `others`, `joined_on`, `reg`) VALUES
(1, 'fgnfgn', 'fgnfgn', 974, '4644', 974, '5456456', '', '', '', NULL, '', '', '', '', '', '', '', '', '', '', 'Yes', 'No', 'High', 'Walk in', '', '2022-11-22 18:30:00', 1),
(2, 'vdsdvsvd', 'sdvsvd', 974, '345345', 960, 'ddfbdbf', 'vskjg@g.com', '10 Sep, 1960', '17 Aug, 1962', NULL, '45645645', 'JHFJHFJ', 'kjdkjj', 'kjbkvjw', 'ioioghvoiwh', 'iohdiokvhg', 'ikhsdh', '3543345', 'dghvksih', 'ikhikhvds', 'Yes', 'Yes', 'Normal', 'Walk in', 'iukjghdikujfbiufb', '2022-11-22 18:30:00', 1),
(3, 'dfbdfb', 'dfbdbfd', 974, '343453', 974, '345345', 'dfbdbf@g.com', '04 May, 1956', '08 Jun, 1956', 974, '645464', 'KJGJKGKG', 'kjhfbkj', 'kjdfkjb', 'kjvbd', 'hvbdf', 'khkjf', '498576894', 'kjfhbhb', 'khvdlkshd', 'Yes', 'Yes', 'High', 'SMS', 'sdvsdvsv', '2022-11-22 18:30:00', 1),
(4, 'Rohit', 'Singh', 974, '575675', 974, '4564565', 'dfbdb@g.com', '', '', 974, '', '', '', '', '', '', '', '', '', 'India', '', '', '', '', '', '2022-11-22 18:30:00', 1),
(5, 'jvkjsdkjv', 'kjhkjvh', 345, '783264785', 3784, '23487234', 'kjh@g.com', '2022-08-01', '2022-08-01', 354, '345454534', 'JHYGFHJJHGJH', 'New', 'jhjhsvg', 'kjgsvjk', 'kjsgdjvkg', 'kvkg', '374564', 'sdsdvv', 'sdvdvvd', 'Yes', 'Yes', 'High', 'Social Media', 'Hello World', '2022-11-22 18:30:00', 1);

-- --------------------------------------------------------

--
-- Table structure for table `locations`
--

CREATE TABLE `locations` (
  `l_id` int(11) NOT NULL,
  `l_name` varchar(200) NOT NULL,
  `l_address` text NOT NULL,
  `l_phone` varchar(100) NOT NULL,
  `l_pass` varchar(200) NOT NULL DEFAULT '123456',
  `l_pass_enc` varchar(200) NOT NULL DEFAULT 'e10adc3949ba59abbe56e057f20f883e'
) ENGINE=InnoDB DEFAULT CHARSET=utf8mb4;

--
-- Dumping data for table `locations`
--

INSERT INTO `locations` (`l_id`, `l_name`, `l_address`, `l_phone`, `l_pass`, `l_pass_enc`) VALUES
(1, 'Royal Plaza Branch', '2nd Floor (Opposite Oishi\r\nSushi Restaurant) Al Sadd', '+97444326927', '123456', 'e10adc3949ba59abbe56e057f20f883e'),
(2, 'Al Gharafa Branch', 'Villa 134, Street 567 (Opposite Al Meera)', '+97444811488', '123456', 'e10adc3949ba59abbe56e057f20f883e'),
(3, 'Gate Mall Branch', 'First Floor, Inside Al Salam Stores', '+97444077117', '123456', 'e10adc3949ba59abbe56e057f20f883e'),
(4, 'The Pearl Branch', 'Quanat Quartier at the Pearl - Qatar', '+97444771723, +97466576010', '123456', 'e10adc3949ba59abbe56e057f20f883e'),
(5, 'Tawar Mall Branch', 'Tawar Mall, Ground Floor, Entrance 2', '+97444802830', '123456', 'e10adc3949ba59abbe56e057f20f883e');

-- --------------------------------------------------------

--
-- Table structure for table `review_form`
--

CREATE TABLE `review_form` (
  `re_id` int(11) NOT NULL,
  `c_code` varchar(10) NOT NULL COMMENT 'customer code',
  `l_id` int(11) NOT NULL COMMENT 'branch id',
  `s_id` int(11) NOT NULL COMMENT 'category id',
  `se_id` int(11) NOT NULL COMMENT 'service id',
  `st_id` int(11) NOT NULL COMMENT 'staff id',
  `rating` int(11) NOT NULL DEFAULT 0
) ENGINE=InnoDB DEFAULT CHARSET=utf8mb4;

--
-- Dumping data for table `review_form`
--

INSERT INTO `review_form` (`re_id`, `c_code`, `l_id`, `s_id`, `se_id`, `st_id`, `rating`) VALUES
(1, 'ldvERDC', 1, 1, 98, 14, 0),
(2, 'ldvERDC', 1, 1, 94, 59, 0),
(3, 'zofbfMA', 1, 1, 98, 14, 4);

-- --------------------------------------------------------

--
-- Table structure for table `services`
--

CREATE TABLE `services` (
  `se_id` int(11) NOT NULL,
  `s_id` int(11) NOT NULL,
  `se_name` varchar(200) NOT NULL
) ENGINE=InnoDB DEFAULT CHARSET=utf8mb4;

--
-- Dumping data for table `services`
--

INSERT INTO `services` (`se_id`, `s_id`, `se_name`) VALUES
(85, 1, 'Sea Salt Exfoliation'),
(86, 1, 'Organic Honey & Sugar Body Polish'),
(87, 1, 'Hammam Demashqi'),
(88, 1, 'Add on: Paraffin'),
(89, 1, 'Add on: Hand or Foot Scrub'),
(90, 1, 'Sublime Body Wrap'),
(91, 1, 'Cleopatra Milk Bath'),
(92, 1, 'Dead Sea Revitalizer'),
(93, 1, 'Pebbles Bath'),
(94, 1, 'Add on: Healing Mask'),
(95, 1, 'Busy Bee Diva'),
(96, 1, 'Back Facial'),
(97, 1, 'Hammam Maghrebi'),
(98, 1, '1001 Hammam Ritual'),
(99, 2, 'Bridal Moroccan Hammam'),
(100, 2, 'Royal Bridal Hammam'),
(101, 2, 'Floral Whitening Milk Bath'),
(102, 2, 'Oxygen Facial'),
(103, 2, 'Glowing Facial'),
(104, 2, 'Dermatologique Facial Treatment'),
(105, 2, 'Caviar Facial'),
(106, 2, 'D\'Or 24K Facial'),
(107, 2, 'Eye Cellular Program'),
(108, 2, 'Decolette Facial Treatment'),
(109, 2, 'Back Facial Treatment'),
(110, 2, 'Facial Massage'),
(111, 2, 'Zen Massage'),
(112, 2, 'Volcanic Stone Massage'),
(113, 2, 'Blanc Spa Mani/pedi'),
(114, 2, 'Bridal Spa Mani/Padicure'),
(115, 2, 'Argan Oil Hair Treatment'),
(116, 2, 'Aloe Vera Hair Treatment'),
(117, 2, 'Bridal Sculpting & Slimming Treatment'),
(118, 2, 'Bridal Make Up'),
(119, 2, 'Bridal Hair Styling'),
(120, 2, 'Other Income'),
(121, 3, 'Zumba'),
(122, 3, 'Belly Dance'),
(123, 4, 'Body Tone'),
(124, 5, 'Eyelash Extension - Full Set'),
(125, 5, 'Strip Lash Application'),
(126, 6, 'Pure Vitamin C Facial'),
(127, 6, 'Eyelash Perm Lifting'),
(128, 6, 'Collagen Crystal Eye Mask'),
(129, 6, 'Gold Collagen Crystal Eye Mask'),
(130, 6, 'Hyaluronic Treatment'),
(131, 6, 'Eyelash Extension Refill - Individual '),
(132, 6, 'Add on: Facial Extraction'),
(133, 6, 'Smokey Make Up'),
(134, 6, 'Source Marine Ritual'),
(135, 6, 'Silicium Facial'),
(136, 6, 'Purity Facial'),
(137, 6, 'Oxy Pollution Rescue'),
(138, 6, 'Light Make Up'),
(139, 6, 'Cold Marine Ritual'),
(140, 6, 'Eye Expert Treatment'),
(141, 6, 'Diva Princess - Mini Facial'),
(142, 6, 'Collagen Infusion'),
(143, 6, 'Balancing Ritual'),
(144, 7, 'Zumba'),
(145, 7, 'Pilates - Group Session'),
(146, 7, 'Flow'),
(147, 7, 'Pilates - Personal Session'),
(148, 7, 'Personal20 EMS'),
(149, 7, 'Personal20 EMS Trail'),
(150, 8, 'DS Color Lock Serum'),
(151, 8, 'DS Blond/Highlight Color Lock Serum'),
(152, 8, 'DS Rich Repair Regeneration Serum'),
(153, 8, 'DS Curly Twist Enriching Serum'),
(154, 8, 'DS Scalp Specialist Anti Hair Loss Serum'),
(155, 8, 'DS Colour Extra Rich Intensive Treatment'),
(156, 8, 'DS Blonde & Highlight Intensive Treatment'),
(157, 8, 'DS Rich Repair 60 sec Treatment'),
(158, 8, 'DS Green 60 sec Treatment'),
(159, 9, 'Trimming - Very Long'),
(160, 9, 'High / Low Lights - Very Long'),
(161, 9, 'Cut - Very Long'),
(162, 9, 'Goldwell 60sec Treatment'),
(163, 9, 'Hairtalk Hair Extension Removal'),
(164, 9, 'Hairtalk Repositioning hair Extensions'),
(165, 9, 'Hairtalk Placing Hair Extensions'),
(166, 9, 'Small Hair Braiding - Very Long'),
(167, 9, 'Small Hair Braiding -  Long'),
(168, 9, 'Small Hair Braiding - Medium'),
(169, 9, 'Small Hair Braiding - Short'),
(170, 9, 'Thick Hair Braiding - Very Long'),
(171, 9, 'Thick Hair Braiding -  Long'),
(172, 9, 'Thick Hair Braiding - Medium'),
(173, 9, 'Thick Hair Braiding - Short'),
(174, 9, 'Phyto Repair Express'),
(175, 9, 'Fashion Colour - Very Long'),
(176, 9, 'Colour - Semi Permanent Very Long '),
(177, 9, 'Root Retouch with Ammonia Free'),
(178, 9, 'Anti-Hairloss Treatment'),
(179, 9, 'Essentia Detoxifying Treatment'),
(180, 9, 'Collagen Hair Straight - Long 3'),
(181, 9, 'Collagen Hair Straight - Long 2'),
(182, 9, 'Collagen Hair Straight - Long 1'),
(183, 9, 'Collagen Hair Straight - Medium 2'),
(184, 9, 'Collagen Hair Straight - Medium 1'),
(185, 9, 'Collagen Hair Straight - Small 2'),
(186, 9, 'Collagen Hair Straight - Small 1'),
(187, 9, 'Cut - Long'),
(188, 9, 'Botox Hair Treatment - Medium Thick'),
(189, 9, 'Hair Treatment - Lissceutic'),
(190, 9, 'Hair Treatment - Renew C'),
(191, 9, 'Pro Fiber Treatment - Reconstruct'),
(192, 9, 'Pro Fiber Treatment - Rectify'),
(193, 9, 'Hair Treatment - Fiberceutic'),
(194, 9, 'Wash/ Blow dry (Combo) Very Long'),
(195, 9, 'Blow Dry Very Long'),
(196, 9, 'Colour Permanent Very Long'),
(197, 9, 'Colour - Ammonia Free Very Long'),
(198, 9, 'Hair Style Formal Short'),
(199, 9, 'Hair Style Formal Very Long'),
(200, 9, 'Hair Style Formal Long'),
(201, 9, 'Wash/ Blow dry (Combo) Medium'),
(202, 9, 'Wash/ Blow dry (Combo) Long'),
(203, 9, 'Loreal Serioxyl Treatment'),
(204, 9, 'Pro Fiber Treatment Restore'),
(205, 9, 'Collagen Phyto Hair Repair'),
(206, 9, 'Hair Treatment - Aminexil'),
(207, 9, 'Deep Conditioning Hair Therapy 30 mins'),
(208, 9, 'Botox Hair Treatment - Short Thick'),
(209, 9, 'Botox Hair Treatment - Long Thick'),
(210, 9, 'Deep Conditioning Hair Therapy 60 mins'),
(211, 9, 'Hair Colour Ransage'),
(212, 9, 'Hair Treatment - Volumceutic'),
(213, 9, 'Hair Treatment - Force Refill'),
(214, 9, 'Hair Treatment - Keratin Refill'),
(215, 9, 'Hair Treatment - Power Repair Lipidium'),
(216, 9, 'Hair Treatment Fiberceutic'),
(217, 9, 'Fashion Colour - Long'),
(218, 9, 'Fashion Colour - Medium'),
(219, 9, 'Fashion Colour - Short'),
(220, 9, 'Wash (with cond) - Long'),
(221, 9, 'Wash (with cond) - Short/ Medium'),
(222, 9, 'High/ Low Lights Long'),
(223, 9, 'High/ Low Lights Medium'),
(224, 9, 'High/ Low Lights Short'),
(225, 9, 'Colour - Ammonia Free Long'),
(226, 9, 'Colour - Ammonia Free Medium'),
(227, 9, 'Colour - Ammonia Free Short'),
(228, 9, 'Root Retouch'),
(229, 9, 'Hair Style Formal Medium'),
(230, 9, 'Iron Styling - Long'),
(231, 9, 'Iron Styling - Short/Medium'),
(232, 9, 'Blow Dry Long'),
(233, 9, 'Blow Dry Medium'),
(234, 9, 'Blow Dry Short'),
(235, 9, 'Fringe/ Bangs'),
(236, 9, 'Trimming - Long'),
(237, 9, 'Trimming - Medium'),
(238, 9, 'Trimming - Short'),
(239, 9, 'Cut - Medium'),
(240, 9, 'Cut - Short'),
(241, 9, 'Wash/Cut/Blow dry (Combo) Long'),
(242, 9, 'Wash/Cut/Blow dry (Combo) Medium'),
(243, 9, 'Wash/Cut/Blow dry (Combo) Short'),
(244, 9, 'Add on: Hair Mask'),
(245, 9, 'Wash/ Blow Dry (Combo) Short'),
(246, 10, 'Hot Stones'),
(247, 10, 'Thai Aromatic 60 mins'),
(248, 10, 'Oriental Reflexology - 30 mins'),
(249, 10, 'Back, Neck & Shoulder Massage'),
(250, 10, 'Diva Teen Massage'),
(251, 10, 'Swedish Massage 90 mins'),
(252, 10, 'Foot Massage'),
(253, 10, 'Pre-Natal Massage'),
(254, 10, 'Add on: Fresh Face'),
(255, 10, 'Add on: Scalp Reviver'),
(256, 10, 'Lymphatic Drainage Massage'),
(257, 10, 'Diva Princess - Shoulder & Scalp Massage'),
(258, 10, 'Eastern Scalp Massage'),
(259, 10, 'Four Elements Massage'),
(260, 10, 'Hand Massage'),
(261, 10, 'Slim and Sculpt'),
(262, 10, 'Swedish Massage 60 mins'),
(263, 10, 'Thai Aromatic 90 mins'),
(264, 10, 'Traditional Thai 90 mins'),
(265, 10, 'Traditional Thai 60 mins'),
(266, 10, 'Kahraman Massage'),
(267, 10, 'Oriental Reflexology 60 mins'),
(268, 10, 'Diva Princess - Foot & Hand Massage'),
(269, 10, 'Four Hands Massage'),
(270, 10, 'Add on: Heavenly Hands'),
(271, 10, 'Add on: Happy Feet'),
(272, 10, 'Thai Herbal Massage'),
(273, 11, 'Dip & Buff Nail Art - set of 6 nails'),
(274, 11, 'Dip & Buff Nail Art - set of 4 nails'),
(275, 11, 'Dip & Buff Nail Refill - per nail'),
(276, 11, 'Dip & Buff Manicure - Removal'),
(277, 11, 'Dip & Buff Manicure - French'),
(278, 11, 'Dip & Buff Manicure - Color'),
(279, 11, 'Polish Change - Gel Couture'),
(280, 11, 'Add on: Gel Couture'),
(281, 11, 'Polish Change - Gel French'),
(282, 11, 'Gel French Pedicure'),
(283, 11, 'Gel French Manicure'),
(284, 11, 'Gel Soak Off'),
(285, 11, 'Gel Couture Pedicure'),
(286, 11, 'Gel Couture Manicure'),
(287, 11, 'Chrome Nail - Full Set'),
(288, 11, 'Chrome Nail - Per Nail'),
(289, 11, 'Medi Pedicure'),
(290, 11, 'Nail Extension - Artificial'),
(291, 11, 'Add on: Foot File'),
(292, 11, 'Diva Princess - File & Paint-Tips & Toes'),
(293, 11, 'Gel Manicure'),
(294, 11, 'French Manicure'),
(295, 11, 'French Pedicure'),
(296, 11, 'Acrylic Soak Off'),
(297, 11, 'Diva Teen Pedicure'),
(298, 11, 'Diva Teen Manicure'),
(299, 11, 'Gel Refill - Per Nail'),
(300, 11, 'Nail Art - Per Nail'),
(301, 11, 'Nail Shaping & Buffing'),
(302, 11, 'Polish Change - French'),
(303, 11, 'Polish Change - Classic'),
(304, 11, 'Callous Treatment'),
(305, 11, 'Gel Pedicure'),
(306, 11, 'Classic Pedicure'),
(307, 11, 'Classic Manicure'),
(308, 12, 'Fitness Room - Rent'),
(309, 13, 'Yoga'),
(310, 13, 'Trampoline Burn'),
(311, 13, 'Pilates'),
(312, 14, 'Dance & Glitter - Make Up Only'),
(313, 14, 'Dance & Glitter - Polish Me'),
(314, 14, 'Dance & Glitter - Hairstyling'),
(315, 14, 'Dance & Glitter - Eye Make Up'),
(316, 15, 'Express Facial'),
(317, 17, 'High Bikini Wax'),
(318, 17, 'Add on: Patch'),
(319, 17, 'Upper Legs Wax'),
(320, 17, 'Upper Lip Wax/Threading'),
(321, 17, 'Eyebrow Wax/Threading'),
(322, 17, 'Side of Face Wax/Threading'),
(323, 17, 'Full Face Wax/Threading'),
(324, 17, 'Underarms Wax'),
(325, 17, 'Half Arms Wax'),
(326, 17, 'Full Arms Wax'),
(327, 17, 'Half Legs Wax'),
(328, 17, 'Full Legs Wax'),
(329, 17, 'Bikini Line'),
(330, 17, 'Brazilian Wax'),
(331, 17, 'Chest Wax'),
(332, 17, 'Lower Back Wax'),
(333, 17, 'Full Back Wax'),
(334, 17, 'Full Body (Brazilian not included)'),
(335, 17, 'Forehead Waxing Threading'),
(336, 17, 'Full Butt Wax'),
(337, 17, 'Eyelash Tint'),
(338, 17, 'Eyebrows Tint'),
(339, 17, 'Abdomen Wax'),
(340, 17, 'Chin Wax/Threading'),
(341, 16, 'L-Therapy Photo Youth'),
(342, 16, 'Acid Peel');

-- --------------------------------------------------------

--
-- Table structure for table `staffs`
--

CREATE TABLE `staffs` (
  `st_id` int(11) NOT NULL,
  `l_id` int(11) NOT NULL,
  `st_name` varchar(200) NOT NULL
) ENGINE=InnoDB DEFAULT CHARSET=utf8mb4;

--
-- Dumping data for table `staffs`
--

INSERT INTO `staffs` (`st_id`, `l_id`, `st_name`) VALUES
(14, 0, 'Abegayle  Bermas Navales'),
(15, 0, 'Achraf Mrabet'),
(16, 0, 'Ailyn Coronado Zapata'),
(17, 0, 'Altingul Kudaibergenova'),
(18, 0, 'Ana Marie Bedei'),
(19, 0, 'Binda Subedi'),
(20, 0, 'Carol Sanchez Tiamsim'),
(21, 0, 'Charito Catipay Bualan'),
(22, 0, 'Chitra Dhakal'),
(23, 0, 'Clarissa Ansero Flores'),
(24, 0, 'Cynthia Quines'),
(25, 0, 'Elham Ebrahim '),
(26, 0, 'Emily '),
(27, 0, 'Hachmi Belhaj'),
(28, 0, 'Ikram Abou'),
(29, 0, 'Jamie Igharas Tajona'),
(30, 0, 'Janet Balingasa Perez'),
(31, 0, 'Janice Belando Sotea'),
(32, 0, 'Jasmine D\'Souza'),
(33, 0, 'Joan Dela Cruz Anaclito'),
(34, 0, 'Jocelyn Ozon Orsal'),
(35, 0, 'Juna Flor Gantala Samson'),
(36, 0, 'Liezl Libnao Gardoque'),
(37, 0, 'Lowie Ruiz'),
(38, 0, 'Mae Comelote'),
(39, 0, 'Manilyn Lina Angangan'),
(40, 0, 'Maricel Allada Saiguan'),
(41, 0, 'Marilyn Pacheco Cadajas'),
(42, 0, 'Mary Joy Loreto'),
(43, 0, 'Maureen Atieno Obonyo'),
(44, 0, 'Melchie Candido Mogello'),
(45, 0, 'Melina Raya'),
(46, 0, 'Melissa Velasques'),
(47, 0, 'Mufaro Pawakwenyewa'),
(48, 0, 'Myra Allada Seguan'),
(49, 0, 'Reggie Flores'),
(50, 0, 'Rosalie Kipte'),
(51, 0, 'Rosalinda Moreno'),
(52, 0, 'Ruby Orca'),
(53, 0, 'Russel Hacutina'),
(54, 0, 'Saifon  Srasaeng'),
(55, 0, 'Supranee Sreebukkhol'),
(56, 0, 'Taksina Rungroj'),
(57, 0, 'Teresita Bediosas Desoyo'),
(58, 0, 'Tetchie Alejan Juarez'),
(59, 0, 'Thawanrat Suporn'),
(60, 0, 'Tika Devi Timsina'),
(61, 0, 'Wilaiporn Wareebo'),
(62, 0, 'Windy Asuan'),
(63, 0, 'Zara Cantiga Cabardo');

-- --------------------------------------------------------

--
-- Table structure for table `states`
--

CREATE TABLE `states` (
  `id` bigint(20) UNSIGNED NOT NULL,
  `con_id` bigint(20) UNSIGNED DEFAULT NULL,
  `con_code` varchar(191) COLLATE utf8mb4_unicode_ci NOT NULL,
  `code` varchar(191) COLLATE utf8mb4_unicode_ci NOT NULL,
  `name` varchar(191) COLLATE utf8mb4_unicode_ci NOT NULL,
  `created_at` timestamp NULL DEFAULT NULL,
  `updated_at` timestamp NULL DEFAULT NULL
) ENGINE=InnoDB DEFAULT CHARSET=utf8mb4 COLLATE=utf8mb4_unicode_ci;

--
-- Dumping data for table `states`
--

INSERT INTO `states` (`id`, `con_id`, `con_code`, `code`, `name`, `created_at`, `updated_at`) VALUES
(1, 3, 'AL', 'AL-01', 'Berat', NULL, NULL),
(2, 3, 'AL', 'AL-09', 'Dibër', NULL, NULL),
(3, 3, 'AL', 'AL-02', 'Durrës', NULL, NULL),
(4, 3, 'AL', 'AL-03', 'Elbasan', NULL, NULL),
(5, 3, 'AL', 'AL-04', 'Fier', NULL, NULL),
(6, 3, 'AL', 'AL-05', 'Gjirokastër', NULL, NULL),
(7, 3, 'AL', 'AL-06', 'Korçë', NULL, NULL),
(8, 3, 'AL', 'AL-07', 'Kukës', NULL, NULL),
(9, 3, 'AL', 'AL-08', 'Lezhë', NULL, NULL),
(10, 3, 'AL', 'AL-10', 'Shkodër', NULL, NULL),
(11, 3, 'AL', 'AL-11', 'Tirana', NULL, NULL),
(12, 3, 'AL', 'AL-12', 'Vlorë', NULL, NULL),
(13, 7, 'AO', 'BGO', 'Bengo', NULL, NULL),
(14, 7, 'AO', 'BLU', 'Benguela', NULL, NULL),
(15, 7, 'AO', 'BIE', 'Bié', NULL, NULL),
(16, 7, 'AO', 'CAB', 'Cabinda', NULL, NULL),
(17, 7, 'AO', 'CNN', 'Cunene', NULL, NULL),
(18, 7, 'AO', 'HUA', 'Huambo', NULL, NULL),
(19, 7, 'AO', 'HUI', 'Huíla', NULL, NULL),
(20, 7, 'AO', 'CCU', 'Kuando Kubango', NULL, NULL),
(21, 7, 'AO', 'CNO', 'Kwanza-Norte', NULL, NULL),
(22, 7, 'AO', 'CUS', 'Kwanza-Sul', NULL, NULL),
(23, 7, 'AO', 'LUA', 'Luanda', NULL, NULL),
(24, 7, 'AO', 'LNO', 'Lunda-Norte', NULL, NULL),
(25, 7, 'AO', 'LSU', 'Lunda-Sul', NULL, NULL),
(26, 7, 'AO', 'MAL', 'Malanje', NULL, NULL),
(27, 7, 'AO', 'MOX', 'Moxico', NULL, NULL),
(28, 7, 'AO', 'NAM', 'Namibe', NULL, NULL),
(29, 7, 'AO', 'UIG', 'Uíge', NULL, NULL),
(30, 7, 'AO', 'ZAI', 'Zaire', NULL, NULL),
(31, 11, 'AR', 'C', 'Ciudad Autónoma de Buenos Aires', NULL, NULL),
(32, 11, 'AR', 'B', 'Buenos Aires', NULL, NULL),
(33, 11, 'AR', 'K', 'Catamarca', NULL, NULL),
(34, 11, 'AR', 'H', 'Chaco', NULL, NULL),
(35, 11, 'AR', 'U', 'Chubut', NULL, NULL),
(36, 11, 'AR', 'X', 'Córdoba', NULL, NULL),
(37, 11, 'AR', 'W', 'Corrientes', NULL, NULL),
(38, 11, 'AR', 'E', 'Entre Ríos', NULL, NULL),
(39, 11, 'AR', 'P', 'Formosa', NULL, NULL),
(40, 11, 'AR', 'Y', 'Jujuy', NULL, NULL),
(41, 11, 'AR', 'L', 'La Pampa', NULL, NULL),
(42, 11, 'AR', 'F', 'La Rioja', NULL, NULL),
(43, 11, 'AR', 'M', 'Mendoza', NULL, NULL),
(44, 11, 'AR', 'N', 'Misiones', NULL, NULL),
(45, 11, 'AR', 'Q', 'Neuquén', NULL, NULL),
(46, 11, 'AR', 'R', 'Río Negro', NULL, NULL),
(47, 11, 'AR', 'A', 'Salta', NULL, NULL),
(48, 11, 'AR', 'J', 'San Juan', NULL, NULL),
(49, 11, 'AR', 'D', 'San Luis', NULL, NULL),
(50, 11, 'AR', 'Z', 'Santa Cruz', NULL, NULL),
(51, 11, 'AR', 'S', 'Santa Fe', NULL, NULL),
(52, 11, 'AR', 'G', 'Santiago del Estero', NULL, NULL),
(53, 11, 'AR', 'V', 'Tierra del Fuego', NULL, NULL),
(54, 11, 'AR', 'T', 'Tucumán', NULL, NULL),
(55, 14, 'AU', 'ACT', 'Australian Capital Territory', NULL, NULL),
(56, 14, 'AU', 'NSW', 'New South Wales', NULL, NULL),
(57, 14, 'AU', 'NT', 'Northern Territory', NULL, NULL),
(58, 14, 'AU', 'QLD', 'Queensland', NULL, NULL),
(59, 14, 'AU', 'SA', 'South Australia', NULL, NULL),
(60, 14, 'AU', 'TAS', 'Tasmania', NULL, NULL),
(61, 14, 'AU', 'VIC', 'Victoria', NULL, NULL),
(62, 14, 'AU', 'WA', 'Western Australia', NULL, NULL),
(63, 19, 'BD', 'BD-05', 'Bagerhat', NULL, NULL),
(64, 19, 'BD', 'BD-01', 'Bandarban', NULL, NULL),
(65, 19, 'BD', 'BD-02', 'Barguna', NULL, NULL),
(66, 19, 'BD', 'BD-06', 'Barishal', NULL, NULL),
(67, 19, 'BD', 'BD-07', 'Bhola', NULL, NULL),
(68, 19, 'BD', 'BD-03', 'Bogura', NULL, NULL),
(69, 19, 'BD', 'BD-04', 'Brahmanbaria', NULL, NULL),
(70, 19, 'BD', 'BD-09', 'Chandpur', NULL, NULL),
(71, 19, 'BD', 'BD-10', 'Chattogram', NULL, NULL),
(72, 19, 'BD', 'BD-12', 'Chuadanga', NULL, NULL),
(73, 19, 'BD', 'BD-11', 'Cox\'s Bazar', NULL, NULL),
(74, 19, 'BD', 'BD-08', 'Cumilla', NULL, NULL),
(75, 19, 'BD', 'BD-13', 'Dhaka', NULL, NULL),
(76, 19, 'BD', 'BD-14', 'Dinajpur', NULL, NULL),
(77, 19, 'BD', 'BD-15', 'Faridpur ', NULL, NULL),
(78, 19, 'BD', 'BD-16', 'Feni', NULL, NULL),
(79, 19, 'BD', 'BD-19', 'Gaibandha', NULL, NULL),
(80, 19, 'BD', 'BD-18', 'Gazipur', NULL, NULL),
(81, 19, 'BD', 'BD-17', 'Gopalganj', NULL, NULL),
(82, 19, 'BD', 'BD-20', 'Habiganj', NULL, NULL),
(83, 19, 'BD', 'BD-21', 'Jamalpur', NULL, NULL),
(84, 19, 'BD', 'BD-22', 'Jashore', NULL, NULL),
(85, 19, 'BD', 'BD-25', 'Jhalokati', NULL, NULL),
(86, 19, 'BD', 'BD-23', 'Jhenaidah', NULL, NULL),
(87, 19, 'BD', 'BD-24', 'Joypurhat', NULL, NULL),
(88, 19, 'BD', 'BD-29', 'Khagrachhari', NULL, NULL),
(89, 19, 'BD', 'BD-27', 'Khulna', NULL, NULL),
(90, 19, 'BD', 'BD-26', 'Kishoreganj', NULL, NULL),
(91, 19, 'BD', 'BD-28', 'Kurigram', NULL, NULL),
(92, 19, 'BD', 'BD-30', 'Kushtia', NULL, NULL),
(93, 19, 'BD', 'BD-31', 'Lakshmipur', NULL, NULL),
(94, 19, 'BD', 'BD-32', 'Lalmonirhat', NULL, NULL),
(95, 19, 'BD', 'BD-36', 'Madaripur', NULL, NULL),
(96, 19, 'BD', 'BD-37', 'Magura', NULL, NULL),
(97, 19, 'BD', 'BD-33', 'Manikganj ', NULL, NULL),
(98, 19, 'BD', 'BD-39', 'Meherpur', NULL, NULL),
(99, 19, 'BD', 'BD-38', 'Moulvibazar', NULL, NULL),
(100, 19, 'BD', 'BD-35', 'Munshiganj', NULL, NULL),
(101, 19, 'BD', 'BD-34', 'Mymensingh', NULL, NULL),
(102, 19, 'BD', 'BD-48', 'Naogaon', NULL, NULL),
(103, 19, 'BD', 'BD-43', 'Narail', NULL, NULL),
(104, 19, 'BD', 'BD-40', 'Narayanganj', NULL, NULL),
(105, 19, 'BD', 'BD-42', 'Narsingdi', NULL, NULL),
(106, 19, 'BD', 'BD-44', 'Natore', NULL, NULL),
(107, 19, 'BD', 'BD-45', 'Nawabganj', NULL, NULL),
(108, 19, 'BD', 'BD-41', 'Netrakona', NULL, NULL),
(109, 19, 'BD', 'BD-46', 'Nilphamari', NULL, NULL),
(110, 19, 'BD', 'BD-47', 'Noakhali', NULL, NULL),
(111, 19, 'BD', 'BD-49', 'Pabna', NULL, NULL),
(112, 19, 'BD', 'BD-52', 'Panchagarh', NULL, NULL),
(113, 19, 'BD', 'BD-51', 'Patuakhali', NULL, NULL),
(114, 19, 'BD', 'BD-50', 'Pirojpur', NULL, NULL),
(115, 19, 'BD', 'BD-53', 'Rajbari', NULL, NULL),
(116, 19, 'BD', 'BD-54', 'Rajshahi', NULL, NULL),
(117, 19, 'BD', 'BD-56', 'Rangamati', NULL, NULL),
(118, 19, 'BD', 'BD-55', 'Rangpur', NULL, NULL),
(119, 19, 'BD', 'BD-58', 'Satkhira', NULL, NULL),
(120, 19, 'BD', 'BD-62', 'Shariatpur', NULL, NULL),
(121, 19, 'BD', 'BD-57', 'Sherpur', NULL, NULL),
(122, 19, 'BD', 'BD-59', 'Sirajganj', NULL, NULL),
(123, 19, 'BD', 'BD-61', 'Sunamganj', NULL, NULL),
(124, 19, 'BD', 'BD-60', 'Sylhet', NULL, NULL),
(125, 19, 'BD', 'BD-63', 'Tangail', NULL, NULL),
(126, 19, 'BD', 'BD-64', 'Thakurgaon', NULL, NULL),
(127, 36, 'BG', 'BG-01', 'Blagoevgrad', NULL, NULL),
(128, 36, 'BG', 'BG-02', 'Burgas', NULL, NULL),
(129, 36, 'BG', 'BG-08', 'Dobrich', NULL, NULL),
(130, 36, 'BG', 'BG-07', 'Gabrovo', NULL, NULL),
(131, 36, 'BG', 'BG-26', 'Haskovo', NULL, NULL),
(132, 36, 'BG', 'BG-09', 'Kardzhali', NULL, NULL),
(133, 36, 'BG', 'BG-10', 'Kyustendil', NULL, NULL),
(134, 36, 'BG', 'BG-11', 'Lovech', NULL, NULL),
(135, 36, 'BG', 'BG-12', 'Montana', NULL, NULL),
(136, 36, 'BG', 'BG-13', 'Pazardzhik', NULL, NULL),
(137, 36, 'BG', 'BG-14', 'Pernik', NULL, NULL),
(138, 36, 'BG', 'BG-15', 'Pleven', NULL, NULL),
(139, 36, 'BG', 'BG-16', 'Plovdiv', NULL, NULL),
(140, 36, 'BG', 'BG-17', 'Razgrad', NULL, NULL),
(141, 36, 'BG', 'BG-18', 'Ruse', NULL, NULL),
(142, 36, 'BG', 'BG-27', 'Shumen', NULL, NULL),
(143, 36, 'BG', 'BG-19', 'Silistra', NULL, NULL),
(144, 36, 'BG', 'BG-20', 'Sliven', NULL, NULL),
(145, 36, 'BG', 'BG-21', 'Smolyan', NULL, NULL),
(146, 36, 'BG', 'BG-23', 'Sofia District', NULL, NULL),
(147, 36, 'BG', 'BG-22', 'Sofia', NULL, NULL),
(148, 36, 'BG', 'BG-24', 'Stara Zagora', NULL, NULL),
(149, 36, 'BG', 'BG-25', 'Targovishte', NULL, NULL),
(150, 36, 'BG', 'BG-03', 'Varna', NULL, NULL),
(151, 36, 'BG', 'BG-04', 'Veliko Tarnovo', NULL, NULL),
(152, 36, 'BG', 'BG-05', 'Vidin', NULL, NULL),
(153, 36, 'BG', 'BG-06', 'Vratsa', NULL, NULL),
(154, 36, 'BG', 'BG-28', 'Yambol', NULL, NULL),
(155, 25, 'BJ', 'AL', 'Alibori', NULL, NULL),
(156, 25, 'BJ', 'AK', 'Atakora', NULL, NULL),
(157, 25, 'BJ', 'AQ', 'Atlantique', NULL, NULL),
(158, 25, 'BJ', 'BO', 'Borgou', NULL, NULL),
(159, 25, 'BJ', 'CO', 'Collines', NULL, NULL),
(160, 25, 'BJ', 'KO', 'Kouffo', NULL, NULL),
(161, 25, 'BJ', 'DO', 'Donga', NULL, NULL),
(162, 25, 'BJ', 'LI', 'Littoral', NULL, NULL),
(163, 25, 'BJ', 'MO', 'Mono', NULL, NULL),
(164, 25, 'BJ', 'OU', 'Ouémé', NULL, NULL),
(165, 25, 'BJ', 'PL', 'Plateau', NULL, NULL),
(166, 25, 'BJ', 'ZO', 'Zou', NULL, NULL),
(167, 28, 'BO', 'BO-B', 'Beni', NULL, NULL),
(168, 28, 'BO', 'BO-H', 'Chuquisaca', NULL, NULL),
(169, 28, 'BO', 'BO-C', 'Cochabamba', NULL, NULL),
(170, 28, 'BO', 'BO-L', 'La Paz', NULL, NULL),
(171, 28, 'BO', 'BO-O', 'Oruro', NULL, NULL),
(172, 28, 'BO', 'BO-N', 'Pando', NULL, NULL),
(173, 28, 'BO', 'BO-P', 'Potosí', NULL, NULL),
(174, 28, 'BO', 'BO-S', 'Santa Cruz', NULL, NULL),
(175, 28, 'BO', 'BO-T', 'Tarija', NULL, NULL),
(176, 33, 'BR', 'AC', 'Acre', NULL, NULL),
(177, 33, 'BR', 'AL', 'Alagoas', NULL, NULL),
(178, 33, 'BR', 'AP', 'Amapá', NULL, NULL),
(179, 33, 'BR', 'AM', 'Amazonas', NULL, NULL),
(180, 33, 'BR', 'BA', 'Bahia', NULL, NULL),
(181, 33, 'BR', 'CE', 'Ceará', NULL, NULL),
(182, 33, 'BR', 'DF', 'Distrito Federal', NULL, NULL),
(183, 33, 'BR', 'ES', 'Espírito Santo', NULL, NULL),
(184, 33, 'BR', 'GO', 'Goiás', NULL, NULL),
(185, 33, 'BR', 'MA', 'Maranhão', NULL, NULL),
(186, 33, 'BR', 'MT', 'Mato Grosso', NULL, NULL),
(187, 33, 'BR', 'MS', 'Mato Grosso do Sul', NULL, NULL),
(188, 33, 'BR', 'MG', 'Minas Gerais', NULL, NULL),
(189, 33, 'BR', 'PA', 'Pará', NULL, NULL),
(190, 33, 'BR', 'PB', 'Paraíba', NULL, NULL),
(191, 33, 'BR', 'PR', 'Paraná', NULL, NULL),
(192, 33, 'BR', 'PE', 'Pernambuco', NULL, NULL),
(193, 33, 'BR', 'PI', 'Piauí', NULL, NULL),
(194, 33, 'BR', 'RJ', 'Rio de Janeiro', NULL, NULL),
(195, 33, 'BR', 'RN', 'Rio Grande do Norte', NULL, NULL),
(196, 33, 'BR', 'RS', 'Rio Grande do Sul', NULL, NULL),
(197, 33, 'BR', 'RO', 'Rondônia', NULL, NULL),
(198, 33, 'BR', 'RR', 'Roraima', NULL, NULL),
(199, 33, 'BR', 'SC', 'Santa Catarina', NULL, NULL),
(200, 33, 'BR', 'SP', 'São Paulo', NULL, NULL),
(201, 33, 'BR', 'SE', 'Sergipe', NULL, NULL),
(202, 33, 'BR', 'TO', 'Tocantins', NULL, NULL),
(203, 41, 'CA', 'AB', 'Alberta', NULL, NULL),
(204, 41, 'CA', 'BC', 'British Columbia', NULL, NULL),
(205, 41, 'CA', 'MB', 'Manitoba', NULL, NULL),
(206, 41, 'CA', 'NB', 'New Brunswick', NULL, NULL),
(207, 41, 'CA', 'NL', 'Newfoundland and Labrador', NULL, NULL),
(208, 41, 'CA', 'NT', 'Northwest Territories', NULL, NULL),
(209, 41, 'CA', 'NS', 'Nova Scotia', NULL, NULL),
(210, 41, 'CA', 'NU', 'Nunavut', NULL, NULL),
(211, 41, 'CA', 'ON', 'Ontario', NULL, NULL),
(212, 41, 'CA', 'PE', 'Prince Edward Island', NULL, NULL),
(213, 41, 'CA', 'QC', 'Quebec', NULL, NULL),
(214, 41, 'CA', 'SK', 'Saskatchewan', NULL, NULL),
(215, 41, 'CA', 'YT', 'Yukon Territory', NULL, NULL),
(216, 215, 'CH', 'AG', 'Aargau', NULL, NULL),
(217, 215, 'CH', 'AR', 'Appenzell Ausserrhoden', NULL, NULL),
(218, 215, 'CH', 'AI', 'Appenzell Innerrhoden', NULL, NULL),
(219, 215, 'CH', 'BL', 'Basel-Landschaft', NULL, NULL),
(220, 215, 'CH', 'BS', 'Basel-Stadt', NULL, NULL),
(221, 215, 'CH', 'BE', 'Bern', NULL, NULL),
(222, 215, 'CH', 'FR', 'Fribourg', NULL, NULL),
(223, 215, 'CH', 'GE', 'Geneva', NULL, NULL),
(224, 215, 'CH', 'GL', 'Glarus', NULL, NULL),
(225, 215, 'CH', 'GR', 'Graubünden', NULL, NULL),
(226, 215, 'CH', 'JU', 'Jura', NULL, NULL),
(227, 215, 'CH', 'LU', 'Luzern', NULL, NULL),
(228, 215, 'CH', 'NE', 'Neuchâtel', NULL, NULL),
(229, 215, 'CH', 'NW', 'Nidwalden', NULL, NULL),
(230, 215, 'CH', 'OW', 'Obwalden', NULL, NULL),
(231, 215, 'CH', 'SH', 'Schaffhausen', NULL, NULL),
(232, 215, 'CH', 'SZ', 'Schwyz', NULL, NULL),
(233, 215, 'CH', 'SO', 'Solothurn', NULL, NULL),
(234, 215, 'CH', 'SG', 'St. Gallen', NULL, NULL),
(235, 215, 'CH', 'TG', 'Thurgau', NULL, NULL),
(236, 215, 'CH', 'TI', 'Ticino', NULL, NULL),
(237, 215, 'CH', 'UR', 'Uri', NULL, NULL),
(238, 215, 'CH', 'VS', 'Valais', NULL, NULL),
(239, 215, 'CH', 'VD', 'Vaud', NULL, NULL),
(240, 215, 'CH', 'ZG', 'Zug', NULL, NULL),
(241, 215, 'CH', 'ZH', 'Zürich', NULL, NULL),
(242, 46, 'CL', 'CL-AI', 'Aisén del General Carlos Ibañez del Campo', NULL, NULL),
(243, 46, 'CL', 'CL-AN', 'Antofagasta', NULL, NULL),
(244, 46, 'CL', 'CL-AP', 'Arica y Parinacota', NULL, NULL),
(245, 46, 'CL', 'CL-AR', 'La Araucanía', NULL, NULL),
(246, 46, 'CL', 'CL-AT', 'Atacama', NULL, NULL),
(247, 46, 'CL', 'CL-BI', 'Biobío', NULL, NULL),
(248, 46, 'CL', 'CL-CO', 'Coquimbo', NULL, NULL),
(249, 46, 'CL', 'CL-LI', 'Libertador General Bernardo O\'Higgins', NULL, NULL),
(250, 46, 'CL', 'CL-LL', 'Los Lagos', NULL, NULL),
(251, 46, 'CL', 'CL-LR', 'Los Ríos', NULL, NULL),
(252, 46, 'CL', 'CL-MA', 'Magallanes', NULL, NULL),
(253, 46, 'CL', 'CL-ML', 'Maule', NULL, NULL),
(254, 46, 'CL', 'CL-NB', 'Ñuble', NULL, NULL),
(255, 46, 'CL', 'CL-RM', 'Región Metropolitana de Santiago', NULL, NULL),
(256, 46, 'CL', 'CL-TA', 'Tarapacá', NULL, NULL),
(257, 46, 'CL', 'CL-VS', 'Valparaíso', NULL, NULL),
(258, 47, 'CN', 'CN1', 'Yunnan / 云南', NULL, NULL),
(259, 47, 'CN', 'CN2', 'Beijing / 北京', NULL, NULL),
(260, 47, 'CN', 'CN3', 'Tianjin / 天津', NULL, NULL),
(261, 47, 'CN', 'CN4', 'Hebei / 河北', NULL, NULL),
(262, 47, 'CN', 'CN5', 'Shanxi / 山西', NULL, NULL),
(263, 47, 'CN', 'CN6', 'Inner Mongolia / 內蒙古', NULL, NULL),
(264, 47, 'CN', 'CN7', 'Liaoning / 辽宁', NULL, NULL),
(265, 47, 'CN', 'CN8', 'Jilin / 吉林', NULL, NULL),
(266, 47, 'CN', 'CN9', 'Heilongjiang / 黑龙江', NULL, NULL),
(267, 47, 'CN', 'CN10', 'Shanghai / 上海', NULL, NULL),
(268, 47, 'CN', 'CN11', 'Jiangsu / 江苏', NULL, NULL),
(269, 47, 'CN', 'CN12', 'Zhejiang / 浙江', NULL, NULL),
(270, 47, 'CN', 'CN13', 'Anhui / 安徽', NULL, NULL),
(271, 47, 'CN', 'CN14', 'Fujian / 福建', NULL, NULL),
(272, 47, 'CN', 'CN15', 'Jiangxi / 江西', NULL, NULL),
(273, 47, 'CN', 'CN16', 'Shandong / 山东', NULL, NULL),
(274, 47, 'CN', 'CN17', 'Henan / 河南', NULL, NULL),
(275, 47, 'CN', 'CN18', 'Hubei / 湖北', NULL, NULL),
(276, 47, 'CN', 'CN19', 'Hunan / 湖南', NULL, NULL),
(277, 47, 'CN', 'CN20', 'Guangdong / 广东', NULL, NULL),
(278, 47, 'CN', 'CN21', 'Guangxi Zhuang / 广西壮族', NULL, NULL),
(279, 47, 'CN', 'CN22', 'Hainan / 海南', NULL, NULL),
(280, 47, 'CN', 'CN23', 'Chongqing / 重庆', NULL, NULL),
(281, 47, 'CN', 'CN24', 'Sichuan / 四川', NULL, NULL),
(282, 47, 'CN', 'CN25', 'Guizhou / 贵州', NULL, NULL),
(283, 47, 'CN', 'CN26', 'Shaanxi / 陕西', NULL, NULL),
(284, 47, 'CN', 'CN27', 'Gansu / 甘肃', NULL, NULL),
(285, 47, 'CN', 'CN28', 'Qinghai / 青海', NULL, NULL),
(286, 47, 'CN', 'CN29', 'Ningxia Hui / 宁夏', NULL, NULL),
(287, 47, 'CN', 'CN30', 'Macao / 澳门', NULL, NULL),
(288, 47, 'CN', 'CN31', 'Tibet / 西藏', NULL, NULL),
(289, 47, 'CN', 'CN32', 'Xinjiang / 新疆', NULL, NULL),
(290, 50, 'CO', 'CO-AMA', 'Amazonas', NULL, NULL),
(291, 50, 'CO', 'CO-ANT', 'Antioquia', NULL, NULL),
(292, 50, 'CO', 'CO-ARA', 'Arauca', NULL, NULL),
(293, 50, 'CO', 'CO-ATL', 'Atlántico', NULL, NULL),
(294, 50, 'CO', 'CO-BOL', 'Bolívar', NULL, NULL),
(295, 50, 'CO', 'CO-BOY', 'Boyacá', NULL, NULL),
(296, 50, 'CO', 'CO-CAL', 'Caldas', NULL, NULL),
(297, 50, 'CO', 'CO-CAQ', 'Caquetá', NULL, NULL),
(298, 50, 'CO', 'CO-CAS', 'Casanare', NULL, NULL),
(299, 50, 'CO', 'CO-CAU', 'Cauca', NULL, NULL),
(300, 50, 'CO', 'CO-CES', 'Cesar', NULL, NULL),
(301, 50, 'CO', 'CO-CHO', 'Chocó', NULL, NULL),
(302, 50, 'CO', 'CO-COR', 'Córdoba', NULL, NULL),
(303, 50, 'CO', 'CO-CUN', 'Cundinamarca', NULL, NULL),
(304, 50, 'CO', 'CO-DC', 'Capital District', NULL, NULL),
(305, 50, 'CO', 'CO-GUA', 'Guainía', NULL, NULL),
(306, 50, 'CO', 'CO-GUV', 'Guaviare', NULL, NULL),
(307, 50, 'CO', 'CO-HUI', 'Huila', NULL, NULL),
(308, 50, 'CO', 'CO-LAG', 'La Guajira', NULL, NULL),
(309, 50, 'CO', 'CO-MAG', 'Magdalena', NULL, NULL),
(310, 50, 'CO', 'CO-MET', 'Meta', NULL, NULL),
(311, 50, 'CO', 'CO-NAR', 'Nariño', NULL, NULL),
(312, 50, 'CO', 'CO-NSA', 'Norte de Santander', NULL, NULL),
(313, 50, 'CO', 'CO-PUT', 'Putumayo', NULL, NULL),
(314, 50, 'CO', 'CO-QUI', 'Quindío', NULL, NULL),
(315, 50, 'CO', 'CO-RIS', 'Risaralda', NULL, NULL),
(316, 50, 'CO', 'CO-SAN', 'Santander', NULL, NULL),
(317, 50, 'CO', 'CO-SAP', 'San Andrés & Providencia', NULL, NULL),
(318, 50, 'CO', 'CO-SUC', 'Sucre', NULL, NULL),
(319, 50, 'CO', 'CO-TOL', 'Tolima', NULL, NULL),
(320, 50, 'CO', 'CO-VAC', 'Valle del Cauca', NULL, NULL),
(321, 50, 'CO', 'CO-VAU', 'Vaupés', NULL, NULL),
(322, 50, 'CO', 'CO-VID', 'Vichada', NULL, NULL),
(323, 55, 'CR', 'CR-A', 'Alajuela', NULL, NULL),
(324, 55, 'CR', 'CR-C', 'Cartago', NULL, NULL),
(325, 55, 'CR', 'CR-G', 'Guanacaste', NULL, NULL),
(326, 55, 'CR', 'CR-H', 'Heredia', NULL, NULL),
(327, 55, 'CR', 'CR-L', 'Limón', NULL, NULL),
(328, 55, 'CR', 'CR-P', 'Puntarenas', NULL, NULL),
(329, 55, 'CR', 'CR-SJ', 'San José', NULL, NULL),
(330, 83, 'DE', 'DE-BW', 'Baden-Württemberg', NULL, NULL),
(331, 83, 'DE', 'DE-BY', 'Bavaria', NULL, NULL),
(332, 83, 'DE', 'DE-BE', 'Berlin', NULL, NULL),
(333, 83, 'DE', 'DE-BB', 'Brandenburg', NULL, NULL),
(334, 83, 'DE', 'DE-HB', 'Bremen', NULL, NULL),
(335, 83, 'DE', 'DE-HH', 'Hamburg', NULL, NULL),
(336, 83, 'DE', 'DE-HE', 'Hesse', NULL, NULL),
(337, 83, 'DE', 'DE-MV', 'Mecklenburg-Vorpommern', NULL, NULL),
(338, 83, 'DE', 'DE-NI', 'Lower Saxony', NULL, NULL),
(339, 83, 'DE', 'DE-NW', 'North Rhine-Westphalia', NULL, NULL),
(340, 83, 'DE', 'DE-RP', 'Rhineland-Palatinate', NULL, NULL),
(341, 83, 'DE', 'DE-SL', 'Saarland', NULL, NULL),
(342, 83, 'DE', 'DE-SN', 'Saxony', NULL, NULL),
(343, 83, 'DE', 'DE-ST', 'Saxony-Anhalt', NULL, NULL),
(344, 83, 'DE', 'DE-SH', 'Schleswig-Holstein', NULL, NULL),
(345, 83, 'DE', 'DE-TH', 'Thuringia', NULL, NULL),
(346, 64, 'DO', 'DO-01', 'Distrito Nacional', NULL, NULL),
(347, 64, 'DO', 'DO-02', 'Azua', NULL, NULL),
(348, 64, 'DO', 'DO-03', 'Baoruco', NULL, NULL),
(349, 64, 'DO', 'DO-04', 'Barahona', NULL, NULL),
(350, 64, 'DO', 'DO-33', 'Cibao Nordeste', NULL, NULL),
(351, 64, 'DO', 'DO-34', 'Cibao Noroeste', NULL, NULL),
(352, 64, 'DO', 'DO-35', 'Cibao Norte', NULL, NULL),
(353, 64, 'DO', 'DO-36', 'Cibao Sur', NULL, NULL),
(354, 64, 'DO', 'DO-05', 'Dajabón', NULL, NULL),
(355, 64, 'DO', 'DO-06', 'Duarte', NULL, NULL),
(356, 64, 'DO', 'DO-08', 'El Seibo', NULL, NULL),
(357, 64, 'DO', 'DO-37', 'El Valle', NULL, NULL),
(358, 64, 'DO', 'DO-07', 'Elías Piña', NULL, NULL),
(359, 64, 'DO', 'DO-38', 'Enriquillo', NULL, NULL),
(360, 64, 'DO', 'DO-09', 'Espaillat', NULL, NULL),
(361, 64, 'DO', 'DO-30', 'Hato Mayor', NULL, NULL),
(362, 64, 'DO', 'DO-19', 'Hermanas Mirabal', NULL, NULL),
(363, 64, 'DO', 'DO-39', 'Higüamo', NULL, NULL),
(364, 64, 'DO', 'DO-10', 'Independencia', NULL, NULL),
(365, 64, 'DO', 'DO-11', 'La Altagracia', NULL, NULL),
(366, 64, 'DO', 'DO-12', 'La Romana', NULL, NULL),
(367, 64, 'DO', 'DO-13', 'La Vega', NULL, NULL),
(368, 64, 'DO', 'DO-14', 'María Trinidad Sánchez', NULL, NULL),
(369, 64, 'DO', 'DO-28', 'Monseñor Nouel', NULL, NULL),
(370, 64, 'DO', 'DO-15', 'Monte Cristi', NULL, NULL),
(371, 64, 'DO', 'DO-29', 'Monte Plata', NULL, NULL),
(372, 64, 'DO', 'DO-40', 'Ozama', NULL, NULL),
(373, 64, 'DO', 'DO-16', 'Pedernales', NULL, NULL),
(374, 64, 'DO', 'DO-17', 'Peravia', NULL, NULL),
(375, 64, 'DO', 'DO-18', 'Puerto Plata', NULL, NULL),
(376, 64, 'DO', 'DO-20', 'Samaná', NULL, NULL),
(377, 64, 'DO', 'DO-21', 'San Cristóbal', NULL, NULL),
(378, 64, 'DO', 'DO-31', 'San José de Ocoa', NULL, NULL),
(379, 64, 'DO', 'DO-22', 'San Juan', NULL, NULL),
(380, 64, 'DO', 'DO-23', 'San Pedro de Macorís', NULL, NULL),
(381, 64, 'DO', 'DO-24', 'Sánchez Ramírez', NULL, NULL),
(382, 64, 'DO', 'DO-25', 'Santiago', NULL, NULL),
(383, 64, 'DO', 'DO-26', 'Santiago Rodríguez', NULL, NULL),
(384, 64, 'DO', 'DO-32', 'Santo Domingo', NULL, NULL),
(385, 64, 'DO', 'DO-41', 'Valdesia', NULL, NULL),
(386, 64, 'DO', 'DO-27', 'Valverde', NULL, NULL),
(387, 64, 'DO', 'DO-42', 'Yuma', NULL, NULL),
(388, 4, 'DZ', 'DZ-01', 'Adrar', NULL, NULL),
(389, 4, 'DZ', 'DZ-02', 'Chlef', NULL, NULL),
(390, 4, 'DZ', 'DZ-03', 'Laghouat', NULL, NULL),
(391, 4, 'DZ', 'DZ-04', 'Oum El Bouaghi', NULL, NULL),
(392, 4, 'DZ', 'DZ-05', 'Batna', NULL, NULL),
(393, 4, 'DZ', 'DZ-06', 'Béjaïa', NULL, NULL),
(394, 4, 'DZ', 'DZ-07', 'Biskra', NULL, NULL),
(395, 4, 'DZ', 'DZ-08', 'Béchar', NULL, NULL),
(396, 4, 'DZ', 'DZ-09', 'Blida', NULL, NULL),
(397, 4, 'DZ', 'DZ-10', 'Bouira', NULL, NULL),
(398, 4, 'DZ', 'DZ-11', 'Tamanghasset', NULL, NULL),
(399, 4, 'DZ', 'DZ-12', 'Tébessa', NULL, NULL),
(400, 4, 'DZ', 'DZ-13', 'Tlemcen', NULL, NULL),
(401, 4, 'DZ', 'DZ-14', 'Tiaret', NULL, NULL),
(402, 4, 'DZ', 'DZ-15', 'Tizi Ouzou', NULL, NULL),
(403, 4, 'DZ', 'DZ-16', 'Algiers', NULL, NULL),
(404, 4, 'DZ', 'DZ-17', 'Djelfa', NULL, NULL),
(405, 4, 'DZ', 'DZ-18', 'Jijel', NULL, NULL),
(406, 4, 'DZ', 'DZ-19', 'Sétif', NULL, NULL),
(407, 4, 'DZ', 'DZ-20', 'Saïda', NULL, NULL),
(408, 4, 'DZ', 'DZ-21', 'Skikda', NULL, NULL),
(409, 4, 'DZ', 'DZ-22', 'Sidi Bel Abbès', NULL, NULL),
(410, 4, 'DZ', 'DZ-23', 'Annaba', NULL, NULL),
(411, 4, 'DZ', 'DZ-24', 'Guelma', NULL, NULL),
(412, 4, 'DZ', 'DZ-25', 'Constantine', NULL, NULL),
(413, 4, 'DZ', 'DZ-26', 'Médéa', NULL, NULL),
(414, 4, 'DZ', 'DZ-27', 'Mostaganem', NULL, NULL),
(415, 4, 'DZ', 'DZ-28', 'M’Sila', NULL, NULL),
(416, 4, 'DZ', 'DZ-29', 'Mascara', NULL, NULL),
(417, 4, 'DZ', 'DZ-30', 'Ouargla', NULL, NULL),
(418, 4, 'DZ', 'DZ-31', 'Oran', NULL, NULL),
(419, 4, 'DZ', 'DZ-32', 'El Bayadh', NULL, NULL),
(420, 4, 'DZ', 'DZ-33', 'Illizi', NULL, NULL),
(421, 4, 'DZ', 'DZ-34', 'Bordj Bou Arréridj', NULL, NULL),
(422, 4, 'DZ', 'DZ-35', 'Boumerdès', NULL, NULL),
(423, 4, 'DZ', 'DZ-36', 'El Tarf', NULL, NULL),
(424, 4, 'DZ', 'DZ-37', 'Tindouf', NULL, NULL),
(425, 4, 'DZ', 'DZ-38', 'Tissemsilt', NULL, NULL),
(426, 4, 'DZ', 'DZ-39', 'El Oued', NULL, NULL),
(427, 4, 'DZ', 'DZ-40', 'Khenchela', NULL, NULL),
(428, 4, 'DZ', 'DZ-41', 'Souk Ahras', NULL, NULL),
(429, 4, 'DZ', 'DZ-42', 'Tipasa', NULL, NULL),
(430, 4, 'DZ', 'DZ-43', 'Mila', NULL, NULL),
(431, 4, 'DZ', 'DZ-44', 'Aïn Defla', NULL, NULL),
(432, 4, 'DZ', 'DZ-45', 'Naama', NULL, NULL),
(433, 4, 'DZ', 'DZ-46', 'Aïn Témouchent', NULL, NULL),
(434, 4, 'DZ', 'DZ-47', 'Ghardaïa', NULL, NULL),
(435, 4, 'DZ', 'DZ-48', 'Relizane', NULL, NULL),
(436, 65, 'EC', 'EC-A', 'Azuay', NULL, NULL),
(437, 65, 'EC', 'EC-B', 'Bolívar', NULL, NULL),
(438, 65, 'EC', 'EC-F', 'Cañar', NULL, NULL),
(439, 65, 'EC', 'EC-C', 'Carchi', NULL, NULL),
(440, 65, 'EC', 'EC-H', 'Chimborazo', NULL, NULL),
(441, 65, 'EC', 'EC-X', 'Cotopaxi', NULL, NULL),
(442, 65, 'EC', 'EC-O', 'El Oro', NULL, NULL),
(443, 65, 'EC', 'EC-E', 'Esmeraldas', NULL, NULL),
(444, 65, 'EC', 'EC-W', 'Galápagos', NULL, NULL),
(445, 65, 'EC', 'EC-G', 'Guayas', NULL, NULL),
(446, 65, 'EC', 'EC-I', 'Imbabura', NULL, NULL),
(447, 65, 'EC', 'EC-L', 'Loja', NULL, NULL),
(448, 65, 'EC', 'EC-R', 'Los Ríos', NULL, NULL),
(449, 65, 'EC', 'EC-M', 'Manabí', NULL, NULL),
(450, 65, 'EC', 'EC-S', 'Morona-Santiago', NULL, NULL),
(451, 65, 'EC', 'EC-N', 'Napo', NULL, NULL),
(452, 65, 'EC', 'EC-D', 'Orellana', NULL, NULL),
(453, 65, 'EC', 'EC-Y', 'Pastaza', NULL, NULL),
(454, 65, 'EC', 'EC-P', 'Pichincha', NULL, NULL),
(455, 65, 'EC', 'EC-SE', 'Santa Elena', NULL, NULL),
(456, 65, 'EC', 'EC-SD', 'Santo Domingo de los Tsáchilas', NULL, NULL),
(457, 65, 'EC', 'EC-U', 'Sucumbíos', NULL, NULL),
(458, 65, 'EC', 'EC-T', 'Tungurahua', NULL, NULL),
(459, 65, 'EC', 'EC-Z', 'Zamora-Chinchipe', NULL, NULL),
(460, 66, 'EG', 'EGALX', 'Alexandria', NULL, NULL),
(461, 66, 'EG', 'EGASN', 'Aswan', NULL, NULL),
(462, 66, 'EG', 'EGAST', 'Asyut', NULL, NULL),
(463, 66, 'EG', 'EGBA', 'Red Sea', NULL, NULL),
(464, 66, 'EG', 'EGBH', 'Beheira', NULL, NULL),
(465, 66, 'EG', 'EGBNS', 'Beni Suef', NULL, NULL),
(466, 66, 'EG', 'EGC', 'Cairo', NULL, NULL),
(467, 66, 'EG', 'EGDK', 'Dakahlia', NULL, NULL),
(468, 66, 'EG', 'EGDT', 'Damietta', NULL, NULL),
(469, 66, 'EG', 'EGFYM', 'Faiyum', NULL, NULL),
(470, 66, 'EG', 'EGGH', 'Gharbia', NULL, NULL),
(471, 66, 'EG', 'EGGZ', 'Giza', NULL, NULL),
(472, 66, 'EG', 'EGIS', 'Ismailia', NULL, NULL),
(473, 66, 'EG', 'EGJS', 'South Sinai', NULL, NULL),
(474, 66, 'EG', 'EGKB', 'Qalyubia', NULL, NULL),
(475, 66, 'EG', 'EGKFS', 'Kafr el-Sheikh', NULL, NULL),
(476, 66, 'EG', 'EGKN', 'Qena', NULL, NULL),
(477, 66, 'EG', 'EGLX', 'Luxor', NULL, NULL),
(478, 66, 'EG', 'EGMN', 'Minya', NULL, NULL),
(479, 66, 'EG', 'EGMNF', 'Monufia', NULL, NULL),
(480, 66, 'EG', 'EGMT', 'Matrouh', NULL, NULL),
(481, 66, 'EG', 'EGPTS', 'Port Said', NULL, NULL),
(482, 66, 'EG', 'EGSHG', 'Sohag', NULL, NULL),
(483, 66, 'EG', 'EGSHR', 'Al Sharqia', NULL, NULL),
(484, 66, 'EG', 'EGSIN', 'North Sinai', NULL, NULL),
(485, 66, 'EG', 'EGSUZ', 'Suez', NULL, NULL),
(486, 66, 'EG', 'EGWAD', 'New Valley', NULL, NULL),
(487, 208, 'ES', 'C', 'A Coruña', NULL, NULL),
(488, 208, 'ES', 'VI', 'Araba/Álava', NULL, NULL),
(489, 208, 'ES', 'AB', 'Albacete', NULL, NULL),
(490, 208, 'ES', 'A', 'Alicante', NULL, NULL),
(491, 208, 'ES', 'AL', 'Almería', NULL, NULL),
(492, 208, 'ES', 'O', 'Asturias', NULL, NULL),
(493, 208, 'ES', 'AV', 'Ávila', NULL, NULL),
(494, 208, 'ES', 'BA', 'Badajoz', NULL, NULL),
(495, 208, 'ES', 'PM', 'Baleares', NULL, NULL),
(496, 208, 'ES', 'B', 'Barcelona', NULL, NULL),
(497, 208, 'ES', 'BU', 'Burgos', NULL, NULL),
(498, 208, 'ES', 'CC', 'Cáceres', NULL, NULL),
(499, 208, 'ES', 'CA', 'Cádiz', NULL, NULL),
(500, 208, 'ES', 'S', 'Cantabria', NULL, NULL),
(501, 208, 'ES', 'CS', 'Castellón', NULL, NULL),
(502, 208, 'ES', 'CE', 'Ceuta', NULL, NULL),
(503, 208, 'ES', 'CR', 'Ciudad Real', NULL, NULL),
(504, 208, 'ES', 'CO', 'Córdoba', NULL, NULL),
(505, 208, 'ES', 'CU', 'Cuenca', NULL, NULL),
(506, 208, 'ES', 'GI', 'Girona', NULL, NULL),
(507, 208, 'ES', 'GR', 'Granada', NULL, NULL),
(508, 208, 'ES', 'GU', 'Guadalajara', NULL, NULL),
(509, 208, 'ES', 'SS', 'Gipuzkoa', NULL, NULL),
(510, 208, 'ES', 'H', 'Huelva', NULL, NULL),
(511, 208, 'ES', 'HU', 'Huesca', NULL, NULL),
(512, 208, 'ES', 'J', 'Jaén', NULL, NULL),
(513, 208, 'ES', 'LO', 'La Rioja', NULL, NULL),
(514, 208, 'ES', 'GC', 'Las Palmas', NULL, NULL),
(515, 208, 'ES', 'LE', 'León', NULL, NULL),
(516, 208, 'ES', 'L', 'Lleida', NULL, NULL),
(517, 208, 'ES', 'LU', 'Lugo', NULL, NULL),
(518, 208, 'ES', 'M', 'Madrid', NULL, NULL),
(519, 208, 'ES', 'MA', 'Málaga', NULL, NULL),
(520, 208, 'ES', 'ML', 'Melilla', NULL, NULL),
(521, 208, 'ES', 'MU', 'Murcia', NULL, NULL),
(522, 208, 'ES', 'NA', 'Navarra', NULL, NULL),
(523, 208, 'ES', 'OR', 'Ourense', NULL, NULL),
(524, 208, 'ES', 'P', 'Palencia', NULL, NULL),
(525, 208, 'ES', 'PO', 'Pontevedra', NULL, NULL),
(526, 208, 'ES', 'SA', 'Salamanca', NULL, NULL),
(527, 208, 'ES', 'TF', 'Santa Cruz de Tenerife', NULL, NULL),
(528, 208, 'ES', 'SG', 'Segovia', NULL, NULL),
(529, 208, 'ES', 'SE', 'Sevilla', NULL, NULL),
(530, 208, 'ES', 'SO', 'Soria', NULL, NULL),
(531, 208, 'ES', 'T', 'Tarragona', NULL, NULL),
(532, 208, 'ES', 'TE', 'Teruel', NULL, NULL),
(533, 208, 'ES', 'TO', 'Toledo', NULL, NULL),
(534, 208, 'ES', 'V', 'Valencia', NULL, NULL),
(535, 208, 'ES', 'VA', 'Valladolid', NULL, NULL),
(536, 208, 'ES', 'BI', 'Biscay', NULL, NULL),
(537, 208, 'ES', 'ZA', 'Zamora', NULL, NULL),
(538, 208, 'ES', 'Z', 'Zaragoza', NULL, NULL),
(539, 84, 'GH', 'AF', 'Ahafo', NULL, NULL),
(540, 84, 'GH', 'AH', 'Ashanti', NULL, NULL),
(541, 84, 'GH', 'BA', 'Brong-Ahafo', NULL, NULL),
(542, 84, 'GH', 'BO', 'Bono', NULL, NULL),
(543, 84, 'GH', 'BE', 'Bono East', NULL, NULL),
(544, 84, 'GH', 'CP', 'Central', NULL, NULL),
(545, 84, 'GH', 'EP', 'Eastern', NULL, NULL),
(546, 84, 'GH', 'AA', 'Greater Accra', NULL, NULL),
(547, 84, 'GH', 'NE', 'North East', NULL, NULL),
(548, 84, 'GH', 'NP', 'Northern', NULL, NULL),
(549, 84, 'GH', 'OT', 'Oti', NULL, NULL),
(550, 84, 'GH', 'SV', 'Savannah', NULL, NULL),
(551, 84, 'GH', 'UE', 'Upper East', NULL, NULL),
(552, 84, 'GH', 'UW', 'Upper West', NULL, NULL),
(553, 84, 'GH', 'TV', 'Volta', NULL, NULL),
(554, 84, 'GH', 'WP', 'Western', NULL, NULL),
(555, 84, 'GH', 'WN', 'Western North', NULL, NULL),
(556, 86, 'GR', 'I', 'Attica', NULL, NULL),
(557, 86, 'GR', 'A', 'East Macedonia and Thrace', NULL, NULL),
(558, 86, 'GR', 'B', 'Central Macedonia', NULL, NULL),
(559, 86, 'GR', 'C', 'West Macedonia', NULL, NULL),
(560, 86, 'GR', 'D', 'Epirus', NULL, NULL),
(561, 86, 'GR', 'E', 'Thessaly', NULL, NULL),
(562, 86, 'GR', 'F', 'Ionian Islands', NULL, NULL),
(563, 86, 'GR', 'G', 'West Greece', NULL, NULL),
(564, 86, 'GR', 'H', 'Central Greece', NULL, NULL),
(565, 86, 'GR', 'J', 'Peloponnese', NULL, NULL),
(566, 86, 'GR', 'K', 'North Aegean', NULL, NULL),
(567, 86, 'GR', 'L', 'South Aegean', NULL, NULL),
(568, 86, 'GR', 'M', 'Crete', NULL, NULL),
(569, 91, 'GT', 'GT-AV', 'Alta Verapaz', NULL, NULL),
(570, 91, 'GT', 'GT-BV', 'Baja Verapaz', NULL, NULL),
(571, 91, 'GT', 'GT-CM', 'Chimaltenango', NULL, NULL),
(572, 91, 'GT', 'GT-CQ', 'Chiquimula', NULL, NULL),
(573, 91, 'GT', 'GT-PR', 'El Progreso', NULL, NULL),
(574, 91, 'GT', 'GT-ES', 'Escuintla', NULL, NULL),
(575, 91, 'GT', 'GT-GU', 'Guatemala', NULL, NULL),
(576, 91, 'GT', 'GT-HU', 'Huehuetenango', NULL, NULL),
(577, 91, 'GT', 'GT-IZ', 'Izabal', NULL, NULL),
(578, 91, 'GT', 'GT-JA', 'Jalapa', NULL, NULL),
(579, 91, 'GT', 'GT-JU', 'Jutiapa', NULL, NULL),
(580, 91, 'GT', 'GT-PE', 'Petén', NULL, NULL),
(581, 91, 'GT', 'GT-QZ', 'Quetzaltenango', NULL, NULL),
(582, 91, 'GT', 'GT-QC', 'Quiché', NULL, NULL),
(583, 91, 'GT', 'GT-RE', 'Retalhuleu', NULL, NULL),
(584, 91, 'GT', 'GT-SA', 'Sacatepéquez', NULL, NULL),
(585, 91, 'GT', 'GT-SM', 'San Marcos', NULL, NULL),
(586, 91, 'GT', 'GT-SR', 'Santa Rosa', NULL, NULL),
(587, 91, 'GT', 'GT-SO', 'Sololá', NULL, NULL),
(588, 91, 'GT', 'GT-SU', 'Suchitepéquez', NULL, NULL),
(589, 91, 'GT', 'GT-TO', 'Totonicapán', NULL, NULL),
(590, 91, 'GT', 'GT-ZA', 'Zacapa', NULL, NULL),
(591, 99, 'HK', 'HONG KONG', 'Hong Kong Island', NULL, NULL),
(592, 99, 'HK', 'KOWLOON', 'Kowloon', NULL, NULL),
(593, 99, 'HK', 'NEW TERRITORIES', 'New Territories', NULL, NULL),
(594, 98, 'HN', 'HN-AT', 'Atlántida', NULL, NULL),
(595, 98, 'HN', 'HN-IB', 'Bay Islands', NULL, NULL),
(596, 98, 'HN', 'HN-CH', 'Choluteca', NULL, NULL),
(597, 98, 'HN', 'HN-CL', 'Colón', NULL, NULL),
(598, 98, 'HN', 'HN-CM', 'Comayagua', NULL, NULL),
(599, 98, 'HN', 'HN-CP', 'Copán', NULL, NULL),
(600, 98, 'HN', 'HN-CR', 'Cortés', NULL, NULL),
(601, 98, 'HN', 'HN-EP', 'El Paraíso', NULL, NULL),
(602, 98, 'HN', 'HN-FM', 'Francisco Morazán', NULL, NULL),
(603, 98, 'HN', 'HN-GD', 'Gracias a Dios', NULL, NULL),
(604, 98, 'HN', 'HN-IN', 'Intibucá', NULL, NULL),
(605, 98, 'HN', 'HN-LE', 'Lempira', NULL, NULL),
(606, 98, 'HN', 'HN-LP', 'La Paz', NULL, NULL),
(607, 98, 'HN', 'HN-OC', 'Ocotepeque', NULL, NULL),
(608, 98, 'HN', 'HN-OL', 'Olancho', NULL, NULL),
(609, 98, 'HN', 'HN-SB', 'Santa Bárbara', NULL, NULL),
(610, 98, 'HN', 'HN-VA', 'Valle', NULL, NULL),
(611, 98, 'HN', 'HN-YO', 'Yoro', NULL, NULL),
(612, 100, 'HU', 'BK', 'Bács-Kiskun', NULL, NULL),
(613, 100, 'HU', 'BE', 'Békés', NULL, NULL),
(614, 100, 'HU', 'BA', 'Baranya', NULL, NULL),
(615, 100, 'HU', 'BZ', 'Borsod-Abaúj-Zemplén', NULL, NULL),
(616, 100, 'HU', 'BU', 'Budapest', NULL, NULL),
(617, 100, 'HU', 'CS', 'Csongrád-Csanád', NULL, NULL),
(618, 100, 'HU', 'FE', 'Fejér', NULL, NULL),
(619, 100, 'HU', 'GS', 'Győr-Moson-Sopron', NULL, NULL),
(620, 100, 'HU', 'HB', 'Hajdú-Bihar', NULL, NULL),
(621, 100, 'HU', 'HE', 'Heves', NULL, NULL),
(622, 100, 'HU', 'JN', 'Jász-Nagykun-Szolnok', NULL, NULL),
(623, 100, 'HU', 'KE', 'Komárom-Esztergom', NULL, NULL),
(624, 100, 'HU', 'NO', 'Nógrád', NULL, NULL),
(625, 100, 'HU', 'PE', 'Pest', NULL, NULL),
(626, 100, 'HU', 'SO', 'Somogy', NULL, NULL),
(627, 100, 'HU', 'SZ', 'Szabolcs-Szatmár-Bereg', NULL, NULL),
(628, 100, 'HU', 'TO', 'Tolna', NULL, NULL),
(629, 100, 'HU', 'VA', 'Vas', NULL, NULL),
(630, 100, 'HU', 'VE', 'Veszprém', NULL, NULL),
(631, 100, 'HU', 'ZA', 'Zala', NULL, NULL),
(632, 103, 'ID', 'AC', 'Daerah Istimewa Aceh', NULL, NULL),
(633, 103, 'ID', 'SU', 'Sumatera Utara', NULL, NULL),
(634, 103, 'ID', 'SB', 'Sumatera Barat', NULL, NULL),
(635, 103, 'ID', 'RI', 'Riau', NULL, NULL),
(636, 103, 'ID', 'KR', 'Kepulauan Riau', NULL, NULL),
(637, 103, 'ID', 'JA', 'Jambi', NULL, NULL),
(638, 103, 'ID', 'SS', 'Sumatera Selatan', NULL, NULL),
(639, 103, 'ID', 'BB', 'Bangka Belitung', NULL, NULL),
(640, 103, 'ID', 'BE', 'Bengkulu', NULL, NULL),
(641, 103, 'ID', 'LA', 'Lampung', NULL, NULL),
(642, 103, 'ID', 'JK', 'DKI Jakarta', NULL, NULL),
(643, 103, 'ID', 'JB', 'Jawa Barat', NULL, NULL),
(644, 103, 'ID', 'BT', 'Banten', NULL, NULL),
(645, 103, 'ID', 'JT', 'Jawa Tengah', NULL, NULL),
(646, 103, 'ID', 'JI', 'Jawa Timur', NULL, NULL),
(647, 103, 'ID', 'YO', 'Daerah Istimewa Yogyakarta', NULL, NULL),
(648, 103, 'ID', 'BA', 'Bali', NULL, NULL),
(649, 103, 'ID', 'NB', 'Nusa Tenggara Barat', NULL, NULL),
(650, 103, 'ID', 'NT', 'Nusa Tenggara Timur', NULL, NULL),
(651, 103, 'ID', 'KB', 'Kalimantan Barat', NULL, NULL),
(652, 103, 'ID', 'KT', 'Kalimantan Tengah', NULL, NULL),
(653, 103, 'ID', 'KI', 'Kalimantan Timur', NULL, NULL),
(654, 103, 'ID', 'KS', 'Kalimantan Selatan', NULL, NULL),
(655, 103, 'ID', 'KU', 'Kalimantan Utara', NULL, NULL),
(656, 103, 'ID', 'SA', 'Sulawesi Utara', NULL, NULL),
(657, 103, 'ID', 'ST', 'Sulawesi Tengah', NULL, NULL),
(658, 103, 'ID', 'SG', 'Sulawesi Tenggara', NULL, NULL),
(659, 103, 'ID', 'SR', 'Sulawesi Barat', NULL, NULL),
(660, 103, 'ID', 'SN', 'Sulawesi Selatan', NULL, NULL),
(661, 103, 'ID', 'GO', 'Gorontalo', NULL, NULL),
(662, 103, 'ID', 'MA', 'Maluku', NULL, NULL),
(663, 103, 'ID', 'MU', 'Maluku Utara', NULL, NULL),
(664, 103, 'ID', 'PA', 'Papua', NULL, NULL),
(665, 103, 'ID', 'PB', 'Papua Barat', NULL, NULL),
(666, 106, 'IE', 'CW', 'Carlow', NULL, NULL),
(667, 106, 'IE', 'CN', 'Cavan', NULL, NULL),
(668, 106, 'IE', 'CE', 'Clare', NULL, NULL),
(669, 106, 'IE', 'CO', 'Cork', NULL, NULL),
(670, 106, 'IE', 'DL', 'Donegal', NULL, NULL),
(671, 106, 'IE', 'D', 'Dublin', NULL, NULL),
(672, 106, 'IE', 'G', 'Galway', NULL, NULL),
(673, 106, 'IE', 'KY', 'Kerry', NULL, NULL),
(674, 106, 'IE', 'KE', 'Kildare', NULL, NULL),
(675, 106, 'IE', 'KK', 'Kilkenny', NULL, NULL),
(676, 106, 'IE', 'LS', 'Laois', NULL, NULL),
(677, 106, 'IE', 'LM', 'Leitrim', NULL, NULL),
(678, 106, 'IE', 'LK', 'Limerick', NULL, NULL),
(679, 106, 'IE', 'LD', 'Longford', NULL, NULL),
(680, 106, 'IE', 'LH', 'Louth', NULL, NULL),
(681, 106, 'IE', 'MO', 'Mayo', NULL, NULL),
(682, 106, 'IE', 'MH', 'Meath', NULL, NULL),
(683, 106, 'IE', 'MN', 'Monaghan', NULL, NULL),
(684, 106, 'IE', 'OY', 'Offaly', NULL, NULL),
(685, 106, 'IE', 'RN', 'Roscommon', NULL, NULL),
(686, 106, 'IE', 'SO', 'Sligo', NULL, NULL),
(687, 106, 'IE', 'TA', 'Tipperary', NULL, NULL),
(688, 106, 'IE', 'WD', 'Waterford', NULL, NULL),
(689, 106, 'IE', 'WH', 'Westmeath', NULL, NULL),
(690, 106, 'IE', 'WX', 'Wexford', NULL, NULL),
(691, 106, 'IE', 'WW', 'Wicklow', NULL, NULL),
(692, 102, 'IN', 'AP', 'Andhra Pradesh', NULL, NULL),
(693, 102, 'IN', 'AR', 'Arunachal Pradesh', NULL, NULL),
(694, 102, 'IN', 'AS', 'Assam', NULL, NULL),
(695, 102, 'IN', 'BR', 'Bihar', NULL, NULL),
(696, 102, 'IN', 'CT', 'Chhattisgarh', NULL, NULL),
(697, 102, 'IN', 'GA', 'Goa', NULL, NULL),
(698, 102, 'IN', 'GJ', 'Gujarat', NULL, NULL),
(699, 102, 'IN', 'HR', 'Haryana', NULL, NULL),
(700, 102, 'IN', 'HP', 'Himachal Pradesh', NULL, NULL),
(701, 102, 'IN', 'JK', 'Jammu and Kashmir', NULL, NULL),
(702, 102, 'IN', 'JH', 'Jharkhand', NULL, NULL),
(703, 102, 'IN', 'KA', 'Karnataka', NULL, NULL),
(704, 102, 'IN', 'KL', 'Kerala', NULL, NULL),
(705, 102, 'IN', 'LA', 'Ladakh', NULL, NULL),
(706, 102, 'IN', 'MP', 'Madhya Pradesh', NULL, NULL),
(707, 102, 'IN', 'MH', 'Maharashtra', NULL, NULL),
(708, 102, 'IN', 'MN', 'Manipur', NULL, NULL),
(709, 102, 'IN', 'ML', 'Meghalaya', NULL, NULL),
(710, 102, 'IN', 'MZ', 'Mizoram', NULL, NULL),
(711, 102, 'IN', 'NL', 'Nagaland', NULL, NULL),
(712, 102, 'IN', 'OR', 'Odisha', NULL, NULL),
(713, 102, 'IN', 'PB', 'Punjab', NULL, NULL),
(714, 102, 'IN', 'RJ', 'Rajasthan', NULL, NULL),
(715, 102, 'IN', 'SK', 'Sikkim', NULL, NULL),
(716, 102, 'IN', 'TN', 'Tamil Nadu', NULL, NULL),
(717, 102, 'IN', 'TS', 'Telangana', NULL, NULL),
(718, 102, 'IN', 'TR', 'Tripura', NULL, NULL),
(719, 102, 'IN', 'UK', 'Uttarakhand', NULL, NULL),
(720, 102, 'IN', 'UP', 'Uttar Pradesh', NULL, NULL),
(721, 102, 'IN', 'WB', 'West Bengal', NULL, NULL),
(722, 102, 'IN', 'AN', 'Andaman and Nicobar Islands', NULL, NULL),
(723, 102, 'IN', 'CH', 'Chandigarh', NULL, NULL),
(724, 102, 'IN', 'DN', 'Dadra and Nagar Haveli', NULL, NULL),
(725, 102, 'IN', 'DD', 'Daman and Diu', NULL, NULL),
(726, 102, 'IN', 'DL', 'Delhi', NULL, NULL),
(727, 102, 'IN', 'LD', 'Lakshadeep', NULL, NULL),
(728, 102, 'IN', 'PY', 'Pondicherry (Puducherry)', NULL, NULL),
(729, 104, 'IR', 'KHZ', 'Khuzestan (خوزستان)', NULL, NULL),
(730, 104, 'IR', 'THR', 'Tehran (تهران)', NULL, NULL),
(731, 104, 'IR', 'ILM', 'Ilaam (ایلام)', NULL, NULL),
(732, 104, 'IR', 'BHR', 'Bushehr (بوشهر)', NULL, NULL),
(733, 104, 'IR', 'ADL', 'Ardabil (اردبیل)', NULL, NULL),
(734, 104, 'IR', 'ESF', 'Isfahan (اصفهان)', NULL, NULL),
(735, 104, 'IR', 'YZD', 'Yazd (یزد)', NULL, NULL),
(736, 104, 'IR', 'KRH', 'Kermanshah (کرمانشاه)', NULL, NULL),
(737, 104, 'IR', 'KRN', 'Kerman (کرمان)', NULL, NULL),
(738, 104, 'IR', 'HDN', 'Hamadan (همدان)', NULL, NULL),
(739, 104, 'IR', 'GZN', 'Ghazvin (قزوین)', NULL, NULL),
(740, 104, 'IR', 'ZJN', 'Zanjan (زنجان)', NULL, NULL),
(741, 104, 'IR', 'LRS', 'Luristan (لرستان)', NULL, NULL),
(742, 104, 'IR', 'ABZ', 'Alborz (البرز)', NULL, NULL),
(743, 104, 'IR', 'EAZ', 'East Azarbaijan (آذربایجان شرقی)', NULL, NULL),
(744, 104, 'IR', 'WAZ', 'West Azarbaijan (آذربایجان غربی)', NULL, NULL),
(745, 104, 'IR', 'CHB', 'Chaharmahal and Bakhtiari (چهارمحال و بختیاری)', NULL, NULL),
(746, 104, 'IR', 'SKH', 'South Khorasan (خراسان جنوبی)', NULL, NULL),
(747, 104, 'IR', 'RKH', 'Razavi Khorasan (خراسان رضوی)', NULL, NULL),
(748, 104, 'IR', 'NKH', 'North Khorasan (خراسان شمالی)', NULL, NULL),
(749, 104, 'IR', 'SMN', 'Semnan (سمنان)', NULL, NULL),
(750, 104, 'IR', 'FRS', 'Fars (فارس)', NULL, NULL),
(751, 104, 'IR', 'QHM', 'Qom (قم)', NULL, NULL),
(752, 104, 'IR', 'KRD', 'Kurdistan / کردستان)', NULL, NULL),
(753, 104, 'IR', 'KBD', 'Kohgiluyeh and BoyerAhmad (کهگیلوییه و بویراحمد)', NULL, NULL),
(754, 104, 'IR', 'GLS', 'Golestan (گلستان)', NULL, NULL),
(755, 104, 'IR', 'GIL', 'Gilan (گیلان)', NULL, NULL),
(756, 104, 'IR', 'MZN', 'Mazandaran (مازندران)', NULL, NULL),
(757, 104, 'IR', 'MKZ', 'Markazi (مرکزی)', NULL, NULL),
(758, 104, 'IR', 'HRZ', 'Hormozgan (هرمزگان)', NULL, NULL),
(759, 104, 'IR', 'SBN', 'Sistan and Baluchestan (سیستان و بلوچستان)', NULL, NULL),
(760, 109, 'IT', 'AG', 'Agrigento', NULL, NULL),
(761, 109, 'IT', 'AL', 'Alessandria', NULL, NULL),
(762, 109, 'IT', 'AN', 'Ancona', NULL, NULL),
(763, 109, 'IT', 'AO', 'Aosta', NULL, NULL),
(764, 109, 'IT', 'AR', 'Arezzo', NULL, NULL),
(765, 109, 'IT', 'AP', 'Ascoli Piceno', NULL, NULL),
(766, 109, 'IT', 'AT', 'Asti', NULL, NULL),
(767, 109, 'IT', 'AV', 'Avellino', NULL, NULL),
(768, 109, 'IT', 'BA', 'Bari', NULL, NULL),
(769, 109, 'IT', 'BT', 'Barletta-Andria-Trani', NULL, NULL),
(770, 109, 'IT', 'BL', 'Belluno', NULL, NULL),
(771, 109, 'IT', 'BN', 'Benevento', NULL, NULL),
(772, 109, 'IT', 'BG', 'Bergamo', NULL, NULL),
(773, 109, 'IT', 'BI', 'Biella', NULL, NULL),
(774, 109, 'IT', 'BO', 'Bologna', NULL, NULL),
(775, 109, 'IT', 'BZ', 'Bolzano', NULL, NULL),
(776, 109, 'IT', 'BS', 'Brescia', NULL, NULL),
(777, 109, 'IT', 'BR', 'Brindisi', NULL, NULL),
(778, 109, 'IT', 'CA', 'Cagliari', NULL, NULL),
(779, 109, 'IT', 'CL', 'Caltanissetta', NULL, NULL),
(780, 109, 'IT', 'CB', 'Campobasso', NULL, NULL),
(781, 109, 'IT', 'CE', 'Caserta', NULL, NULL),
(782, 109, 'IT', 'CT', 'Catania', NULL, NULL),
(783, 109, 'IT', 'CZ', 'Catanzaro', NULL, NULL),
(784, 109, 'IT', 'CH', 'Chieti', NULL, NULL),
(785, 109, 'IT', 'CO', 'Como', NULL, NULL),
(786, 109, 'IT', 'CS', 'Cosenza', NULL, NULL),
(787, 109, 'IT', 'CR', 'Cremona', NULL, NULL),
(788, 109, 'IT', 'KR', 'Crotone', NULL, NULL),
(789, 109, 'IT', 'CN', 'Cuneo', NULL, NULL),
(790, 109, 'IT', 'EN', 'Enna', NULL, NULL),
(791, 109, 'IT', 'FM', 'Fermo', NULL, NULL),
(792, 109, 'IT', 'FE', 'Ferrara', NULL, NULL),
(793, 109, 'IT', 'FI', 'Firenze', NULL, NULL),
(794, 109, 'IT', 'FG', 'Foggia', NULL, NULL),
(795, 109, 'IT', 'FC', 'Forlì-Cesena', NULL, NULL),
(796, 109, 'IT', 'FR', 'Frosinone', NULL, NULL),
(797, 109, 'IT', 'GE', 'Genova', NULL, NULL),
(798, 109, 'IT', 'GO', 'Gorizia', NULL, NULL),
(799, 109, 'IT', 'GR', 'Grosseto', NULL, NULL),
(800, 109, 'IT', 'IM', 'Imperia', NULL, NULL),
(801, 109, 'IT', 'IS', 'Isernia', NULL, NULL),
(802, 109, 'IT', 'SP', 'La Spezia', NULL, NULL),
(803, 109, 'IT', 'AQ', 'L\'Aquila', NULL, NULL),
(804, 109, 'IT', 'LT', 'Latina', NULL, NULL),
(805, 109, 'IT', 'LE', 'Lecce', NULL, NULL),
(806, 109, 'IT', 'LC', 'Lecco', NULL, NULL),
(807, 109, 'IT', 'LI', 'Livorno', NULL, NULL),
(808, 109, 'IT', 'LO', 'Lodi', NULL, NULL),
(809, 109, 'IT', 'LU', 'Lucca', NULL, NULL),
(810, 109, 'IT', 'MC', 'Macerata', NULL, NULL),
(811, 109, 'IT', 'MN', 'Mantova', NULL, NULL),
(812, 109, 'IT', 'MS', 'Massa-Carrara', NULL, NULL),
(813, 109, 'IT', 'MT', 'Matera', NULL, NULL),
(814, 109, 'IT', 'ME', 'Messina', NULL, NULL),
(815, 109, 'IT', 'MI', 'Milano', NULL, NULL),
(816, 109, 'IT', 'MO', 'Modena', NULL, NULL),
(817, 109, 'IT', 'MB', 'Monza e della Brianza', NULL, NULL),
(818, 109, 'IT', 'NA', 'Napoli', NULL, NULL),
(819, 109, 'IT', 'NO', 'Novara', NULL, NULL),
(820, 109, 'IT', 'NU', 'Nuoro', NULL, NULL),
(821, 109, 'IT', 'OR', 'Oristano', NULL, NULL),
(822, 109, 'IT', 'PD', 'Padova', NULL, NULL),
(823, 109, 'IT', 'PA', 'Palermo', NULL, NULL),
(824, 109, 'IT', 'PR', 'Parma', NULL, NULL),
(825, 109, 'IT', 'PV', 'Pavia', NULL, NULL),
(826, 109, 'IT', 'PG', 'Perugia', NULL, NULL),
(827, 109, 'IT', 'PU', 'Pesaro e Urbino', NULL, NULL),
(828, 109, 'IT', 'PE', 'Pescara', NULL, NULL),
(829, 109, 'IT', 'PC', 'Piacenza', NULL, NULL),
(830, 109, 'IT', 'PI', 'Pisa', NULL, NULL),
(831, 109, 'IT', 'PT', 'Pistoia', NULL, NULL),
(832, 109, 'IT', 'PN', 'Pordenone', NULL, NULL),
(833, 109, 'IT', 'PZ', 'Potenza', NULL, NULL),
(834, 109, 'IT', 'PO', 'Prato', NULL, NULL),
(835, 109, 'IT', 'RG', 'Ragusa', NULL, NULL),
(836, 109, 'IT', 'RA', 'Ravenna', NULL, NULL),
(837, 109, 'IT', 'RC', 'Reggio Calabria', NULL, NULL),
(838, 109, 'IT', 'RE', 'Reggio Emilia', NULL, NULL),
(839, 109, 'IT', 'RI', 'Rieti', NULL, NULL),
(840, 109, 'IT', 'RN', 'Rimini', NULL, NULL),
(841, 109, 'IT', 'RM', 'Roma', NULL, NULL),
(842, 109, 'IT', 'RO', 'Rovigo', NULL, NULL),
(843, 109, 'IT', 'SA', 'Salerno', NULL, NULL),
(844, 109, 'IT', 'SS', 'Sassari', NULL, NULL),
(845, 109, 'IT', 'SV', 'Savona', NULL, NULL),
(846, 109, 'IT', 'SI', 'Siena', NULL, NULL),
(847, 109, 'IT', 'SR', 'Siracusa', NULL, NULL),
(848, 109, 'IT', 'SO', 'Sondrio', NULL, NULL),
(849, 109, 'IT', 'SU', 'Sud Sardegna', NULL, NULL),
(850, 109, 'IT', 'TA', 'Taranto', NULL, NULL),
(851, 109, 'IT', 'TE', 'Teramo', NULL, NULL),
(852, 109, 'IT', 'TR', 'Terni', NULL, NULL),
(853, 109, 'IT', 'TO', 'Torino', NULL, NULL),
(854, 109, 'IT', 'TP', 'Trapani', NULL, NULL),
(855, 109, 'IT', 'TN', 'Trento', NULL, NULL),
(856, 109, 'IT', 'TV', 'Treviso', NULL, NULL),
(857, 109, 'IT', 'TS', 'Trieste', NULL, NULL),
(858, 109, 'IT', 'UD', 'Udine', NULL, NULL),
(859, 109, 'IT', 'VA', 'Varese', NULL, NULL),
(860, 109, 'IT', 'VE', 'Venezia', NULL, NULL),
(861, 109, 'IT', 'VB', 'Verbano-Cusio-Ossola', NULL, NULL),
(862, 109, 'IT', 'VC', 'Vercelli', NULL, NULL),
(863, 109, 'IT', 'VR', 'Verona', NULL, NULL),
(864, 109, 'IT', 'VV', 'Vibo Valentia', NULL, NULL),
(865, 109, 'IT', 'VI', 'Vicenza', NULL, NULL),
(866, 109, 'IT', 'VT', 'Viterbo', NULL, NULL),
(867, 111, 'JM', 'JM-01', 'Kingston', NULL, NULL),
(868, 111, 'JM', 'JM-02', 'Saint Andrew', NULL, NULL),
(869, 111, 'JM', 'JM-03', 'Saint Thomas', NULL, NULL),
(870, 111, 'JM', 'JM-04', 'Portland', NULL, NULL),
(871, 111, 'JM', 'JM-05', 'Saint Mary', NULL, NULL),
(872, 111, 'JM', 'JM-06', 'Saint Ann', NULL, NULL),
(873, 111, 'JM', 'JM-07', 'Trelawny', NULL, NULL),
(874, 111, 'JM', 'JM-08', 'Saint James', NULL, NULL),
(875, 111, 'JM', 'JM-09', 'Hanover', NULL, NULL),
(876, 111, 'JM', 'JM-10', 'Westmoreland', NULL, NULL),
(877, 111, 'JM', 'JM-11', 'Saint Elizabeth', NULL, NULL),
(878, 111, 'JM', 'JM-12', 'Manchester', NULL, NULL),
(879, 111, 'JM', 'JM-13', 'Clarendon', NULL, NULL),
(880, 111, 'JM', 'JM-14', 'Saint Catherine', NULL, NULL),
(881, 112, 'JP', 'JP01', 'Hokkaido', NULL, NULL),
(882, 112, 'JP', 'JP02', 'Aomori', NULL, NULL),
(883, 112, 'JP', 'JP03', 'Iwate', NULL, NULL),
(884, 112, 'JP', 'JP04', 'Miyagi', NULL, NULL),
(885, 112, 'JP', 'JP05', 'Akita', NULL, NULL),
(886, 112, 'JP', 'JP06', 'Yamagata', NULL, NULL),
(887, 112, 'JP', 'JP07', 'Fukushima', NULL, NULL),
(888, 112, 'JP', 'JP08', 'Ibaraki', NULL, NULL),
(889, 112, 'JP', 'JP09', 'Tochigi', NULL, NULL),
(890, 112, 'JP', 'JP10', 'Gunma', NULL, NULL),
(891, 112, 'JP', 'JP11', 'Saitama', NULL, NULL),
(892, 112, 'JP', 'JP12', 'Chiba', NULL, NULL),
(893, 112, 'JP', 'JP13', 'Tokyo', NULL, NULL),
(894, 112, 'JP', 'JP14', 'Kanagawa', NULL, NULL),
(895, 112, 'JP', 'JP15', 'Niigata', NULL, NULL),
(896, 112, 'JP', 'JP16', 'Toyama', NULL, NULL),
(897, 112, 'JP', 'JP17', 'Ishikawa', NULL, NULL),
(898, 112, 'JP', 'JP18', 'Fukui', NULL, NULL),
(899, 112, 'JP', 'JP19', 'Yamanashi', NULL, NULL),
(900, 112, 'JP', 'JP20', 'Nagano', NULL, NULL),
(901, 112, 'JP', 'JP21', 'Gifu', NULL, NULL),
(902, 112, 'JP', 'JP22', 'Shizuoka', NULL, NULL),
(903, 112, 'JP', 'JP23', 'Aichi', NULL, NULL),
(904, 112, 'JP', 'JP24', 'Mie', NULL, NULL),
(905, 112, 'JP', 'JP25', 'Shiga', NULL, NULL),
(906, 112, 'JP', 'JP26', 'Kyoto', NULL, NULL),
(907, 112, 'JP', 'JP27', 'Osaka', NULL, NULL),
(908, 112, 'JP', 'JP28', 'Hyogo', NULL, NULL),
(909, 112, 'JP', 'JP29', 'Nara', NULL, NULL),
(910, 112, 'JP', 'JP30', 'Wakayama', NULL, NULL),
(911, 112, 'JP', 'JP31', 'Tottori', NULL, NULL),
(912, 112, 'JP', 'JP32', 'Shimane', NULL, NULL),
(913, 112, 'JP', 'JP33', 'Okayama', NULL, NULL),
(914, 112, 'JP', 'JP34', 'Hiroshima', NULL, NULL),
(915, 112, 'JP', 'JP35', 'Yamaguchi', NULL, NULL),
(916, 112, 'JP', 'JP36', 'Tokushima', NULL, NULL),
(917, 112, 'JP', 'JP37', 'Kagawa', NULL, NULL),
(918, 112, 'JP', 'JP38', 'Ehime', NULL, NULL),
(919, 112, 'JP', 'JP39', 'Kochi', NULL, NULL),
(920, 112, 'JP', 'JP40', 'Fukuoka', NULL, NULL),
(921, 112, 'JP', 'JP41', 'Saga', NULL, NULL),
(922, 112, 'JP', 'JP42', 'Nagasaki', NULL, NULL),
(923, 112, 'JP', 'JP43', 'Kumamoto', NULL, NULL),
(924, 112, 'JP', 'JP44', 'Oita', NULL, NULL),
(925, 112, 'JP', 'JP45', 'Miyazaki', NULL, NULL),
(926, 112, 'JP', 'JP46', 'Kagoshima', NULL, NULL),
(927, 112, 'JP', 'JP47', 'Okinawa', NULL, NULL),
(928, 116, 'KE', 'KE01', 'Baringo', NULL, NULL),
(929, 116, 'KE', 'KE02', 'Bomet', NULL, NULL),
(930, 116, 'KE', 'KE03', 'Bungoma', NULL, NULL),
(931, 116, 'KE', 'KE04', 'Busia', NULL, NULL),
(932, 116, 'KE', 'KE05', 'Elgeyo-Marakwet', NULL, NULL),
(933, 116, 'KE', 'KE06', 'Embu', NULL, NULL),
(934, 116, 'KE', 'KE07', 'Garissa', NULL, NULL),
(935, 116, 'KE', 'KE08', 'Homa Bay', NULL, NULL),
(936, 116, 'KE', 'KE09', 'Isiolo', NULL, NULL),
(937, 116, 'KE', 'KE10', 'Kajiado', NULL, NULL),
(938, 116, 'KE', 'KE11', 'Kakamega', NULL, NULL),
(939, 116, 'KE', 'KE12', 'Kericho', NULL, NULL),
(940, 116, 'KE', 'KE13', 'Kiambu', NULL, NULL),
(941, 116, 'KE', 'KE14', 'Kilifi', NULL, NULL),
(942, 116, 'KE', 'KE15', 'Kirinyaga', NULL, NULL),
(943, 116, 'KE', 'KE16', 'Kisii', NULL, NULL),
(944, 116, 'KE', 'KE17', 'Kisumu', NULL, NULL),
(945, 116, 'KE', 'KE18', 'Kitui', NULL, NULL),
(946, 116, 'KE', 'KE19', 'Kwale', NULL, NULL),
(947, 116, 'KE', 'KE20', 'Laikipia', NULL, NULL),
(948, 116, 'KE', 'KE21', 'Lamu', NULL, NULL),
(949, 116, 'KE', 'KE22', 'Machakos', NULL, NULL),
(950, 116, 'KE', 'KE23', 'Makueni', NULL, NULL),
(951, 116, 'KE', 'KE24', 'Mandera', NULL, NULL),
(952, 116, 'KE', 'KE25', 'Marsabit', NULL, NULL),
(953, 116, 'KE', 'KE26', 'Meru', NULL, NULL),
(954, 116, 'KE', 'KE27', 'Migori', NULL, NULL),
(955, 116, 'KE', 'KE28', 'Mombasa', NULL, NULL),
(956, 116, 'KE', 'KE29', 'Murang’a', NULL, NULL),
(957, 116, 'KE', 'KE30', 'Nairobi County', NULL, NULL),
(958, 116, 'KE', 'KE31', 'Nakuru', NULL, NULL),
(959, 116, 'KE', 'KE32', 'Nandi', NULL, NULL),
(960, 116, 'KE', 'KE33', 'Narok', NULL, NULL),
(961, 116, 'KE', 'KE34', 'Nyamira', NULL, NULL),
(962, 116, 'KE', 'KE35', 'Nyandarua', NULL, NULL),
(963, 116, 'KE', 'KE36', 'Nyeri', NULL, NULL),
(964, 116, 'KE', 'KE37', 'Samburu', NULL, NULL),
(965, 116, 'KE', 'KE38', 'Siaya', NULL, NULL),
(966, 116, 'KE', 'KE39', 'Taita-Taveta', NULL, NULL),
(967, 116, 'KE', 'KE40', 'Tana River', NULL, NULL),
(968, 116, 'KE', 'KE41', 'Tharaka-Nithi', NULL, NULL),
(969, 116, 'KE', 'KE42', 'Trans Nzoia', NULL, NULL),
(970, 116, 'KE', 'KE43', 'Turkana', NULL, NULL),
(971, 116, 'KE', 'KE44', 'Uasin Gishu', NULL, NULL),
(972, 116, 'KE', 'KE45', 'Vihiga', NULL, NULL),
(973, 116, 'KE', 'KE46', 'Wajir', NULL, NULL),
(974, 116, 'KE', 'KE47', 'West Pokot', NULL, NULL),
(975, 120, 'LA', 'AT', 'Attapeu', NULL, NULL),
(976, 120, 'LA', 'BK', 'Bokeo', NULL, NULL),
(977, 120, 'LA', 'BL', 'Bolikhamsai', NULL, NULL),
(978, 120, 'LA', 'CH', 'Champasak', NULL, NULL),
(979, 120, 'LA', 'HO', 'Houaphanh', NULL, NULL),
(980, 120, 'LA', 'KH', 'Khammouane', NULL, NULL),
(981, 120, 'LA', 'LM', 'Luang Namtha', NULL, NULL),
(982, 120, 'LA', 'LP', 'Luang Prabang', NULL, NULL),
(983, 120, 'LA', 'OU', 'Oudomxay', NULL, NULL),
(984, 120, 'LA', 'PH', 'Phongsaly', NULL, NULL),
(985, 120, 'LA', 'SL', 'Salavan', NULL, NULL),
(986, 120, 'LA', 'SV', 'Savannakhet', NULL, NULL),
(987, 120, 'LA', 'VI', 'Vientiane Province', NULL, NULL),
(988, 120, 'LA', 'VT', 'Vientiane', NULL, NULL),
(989, 120, 'LA', 'XA', 'Sainyabuli', NULL, NULL),
(990, 120, 'LA', 'XE', 'Sekong', NULL, NULL),
(991, 120, 'LA', 'XI', 'Xiangkhouang', NULL, NULL),
(992, 120, 'LA', 'XS', 'Xaisomboun', NULL, NULL),
(993, 124, 'LR', 'BM', 'Bomi', NULL, NULL),
(994, 124, 'LR', 'BN', 'Bong', NULL, NULL),
(995, 124, 'LR', 'GA', 'Gbarpolu', NULL, NULL),
(996, 124, 'LR', 'GB', 'Grand Bassa', NULL, NULL),
(997, 124, 'LR', 'GC', 'Grand Cape Mount', NULL, NULL),
(998, 124, 'LR', 'GG', 'Grand Gedeh', NULL, NULL),
(999, 124, 'LR', 'GK', 'Grand Kru', NULL, NULL),
(1000, 124, 'LR', 'LO', 'Lofa', NULL, NULL),
(1001, 124, 'LR', 'MA', 'Margibi', NULL, NULL),
(1002, 124, 'LR', 'MY', 'Maryland', NULL, NULL),
(1003, 124, 'LR', 'MO', 'Montserrado', NULL, NULL),
(1004, 124, 'LR', 'NM', 'Nimba', NULL, NULL),
(1005, 124, 'LR', 'RV', 'Rivercess', NULL, NULL),
(1006, 124, 'LR', 'RG', 'River Gee', NULL, NULL),
(1007, 124, 'LR', 'SN', 'Sinoe', NULL, NULL),
(1008, 143, 'MD', 'C', 'Chișinău', NULL, NULL),
(1009, 143, 'MD', 'BL', 'Bălți', NULL, NULL),
(1010, 143, 'MD', 'AN', 'Anenii Noi', NULL, NULL),
(1011, 143, 'MD', 'BS', 'Basarabeasca', NULL, NULL),
(1012, 143, 'MD', 'BR', 'Briceni', NULL, NULL),
(1013, 143, 'MD', 'CH', 'Cahul', NULL, NULL),
(1014, 143, 'MD', 'CT', 'Cantemir', NULL, NULL),
(1015, 143, 'MD', 'CL', 'Călărași', NULL, NULL),
(1016, 143, 'MD', 'CS', 'Căușeni', NULL, NULL),
(1017, 143, 'MD', 'CM', 'Cimișlia', NULL, NULL),
(1018, 143, 'MD', 'CR', 'Criuleni', NULL, NULL),
(1019, 143, 'MD', 'DN', 'Dondușeni', NULL, NULL),
(1020, 143, 'MD', 'DR', 'Drochia', NULL, NULL),
(1021, 143, 'MD', 'DB', 'Dubăsari', NULL, NULL),
(1022, 143, 'MD', 'ED', 'Edineț', NULL, NULL),
(1023, 143, 'MD', 'FL', 'Fălești', NULL, NULL),
(1024, 143, 'MD', 'FR', 'Florești', NULL, NULL),
(1025, 143, 'MD', 'GE', 'UTA Găgăuzia', NULL, NULL),
(1026, 143, 'MD', 'GL', 'Glodeni', NULL, NULL),
(1027, 143, 'MD', 'HN', 'Hîncești', NULL, NULL),
(1028, 143, 'MD', 'IL', 'Ialoveni', NULL, NULL),
(1029, 143, 'MD', 'LV', 'Leova', NULL, NULL),
(1030, 143, 'MD', 'NS', 'Nisporeni', NULL, NULL),
(1031, 143, 'MD', 'OC', 'Ocnița', NULL, NULL),
(1032, 143, 'MD', 'OR', 'Orhei', NULL, NULL),
(1033, 143, 'MD', 'RZ', 'Rezina', NULL, NULL),
(1034, 143, 'MD', 'RS', 'Rîșcani', NULL, NULL),
(1035, 143, 'MD', 'SG', 'Sîngerei', NULL, NULL),
(1036, 143, 'MD', 'SR', 'Soroca', NULL, NULL),
(1037, 143, 'MD', 'ST', 'Strășeni', NULL, NULL),
(1038, 143, 'MD', 'SD', 'Șoldănești', NULL, NULL),
(1039, 143, 'MD', 'SV', 'Ștefan Vodă', NULL, NULL),
(1040, 143, 'MD', 'TR', 'Taraclia', NULL, NULL),
(1041, 143, 'MD', 'TL', 'Telenești', NULL, NULL),
(1042, 143, 'MD', 'UN', 'Ungheni', NULL, NULL);
INSERT INTO `states` (`id`, `con_id`, `con_code`, `code`, `name`, `created_at`, `updated_at`) VALUES
(1043, 141, 'MX', 'DF', 'Ciudad de México', NULL, NULL),
(1044, 141, 'MX', 'JA', 'Jalisco', NULL, NULL),
(1045, 141, 'MX', 'NL', 'Nuevo León', NULL, NULL),
(1046, 141, 'MX', 'AG', 'Aguascalientes', NULL, NULL),
(1047, 141, 'MX', 'BC', 'Baja California', NULL, NULL),
(1048, 141, 'MX', 'BS', 'Baja California Sur', NULL, NULL),
(1049, 141, 'MX', 'CM', 'Campeche', NULL, NULL),
(1050, 141, 'MX', 'CS', 'Chiapas', NULL, NULL),
(1051, 141, 'MX', 'CH', 'Chihuahua', NULL, NULL),
(1052, 141, 'MX', 'CO', 'Coahuila', NULL, NULL),
(1053, 141, 'MX', 'CL', 'Colima', NULL, NULL),
(1054, 141, 'MX', 'DG', 'Durango', NULL, NULL),
(1055, 141, 'MX', 'GT', 'Guanajuato', NULL, NULL),
(1056, 141, 'MX', 'GR', 'Guerrero', NULL, NULL),
(1057, 141, 'MX', 'HG', 'Hidalgo', NULL, NULL),
(1058, 141, 'MX', 'MX', 'Estado de México', NULL, NULL),
(1059, 141, 'MX', 'MI', 'Michoacán', NULL, NULL),
(1060, 141, 'MX', 'MO', 'Morelos', NULL, NULL),
(1061, 141, 'MX', 'NA', 'Nayarit', NULL, NULL),
(1062, 141, 'MX', 'OA', 'Oaxaca', NULL, NULL),
(1063, 141, 'MX', 'PU', 'Puebla', NULL, NULL),
(1064, 141, 'MX', 'QT', 'Querétaro', NULL, NULL),
(1065, 141, 'MX', 'QR', 'Quintana Roo', NULL, NULL),
(1066, 141, 'MX', 'SL', 'San Luis Potosí', NULL, NULL),
(1067, 141, 'MX', 'SI', 'Sinaloa', NULL, NULL),
(1068, 141, 'MX', 'SO', 'Sonora', NULL, NULL),
(1069, 141, 'MX', 'TB', 'Tabasco', NULL, NULL),
(1070, 141, 'MX', 'TM', 'Tamaulipas', NULL, NULL),
(1071, 141, 'MX', 'TL', 'Tlaxcala', NULL, NULL),
(1072, 141, 'MX', 'VE', 'Veracruz', NULL, NULL),
(1073, 141, 'MX', 'YU', 'Yucatán', NULL, NULL),
(1074, 141, 'MX', 'ZA', 'Zacatecas', NULL, NULL),
(1075, 132, 'MY', 'JHR', 'Johor', NULL, NULL),
(1076, 132, 'MY', 'KDH', 'Kedah', NULL, NULL),
(1077, 132, 'MY', 'KTN', 'Kelantan', NULL, NULL),
(1078, 132, 'MY', 'LBN', 'Labuan', NULL, NULL),
(1079, 132, 'MY', 'MLK', 'Malacca (Melaka)', NULL, NULL),
(1080, 132, 'MY', 'NSN', 'Negeri Sembilan', NULL, NULL),
(1081, 132, 'MY', 'PHG', 'Pahang', NULL, NULL),
(1082, 132, 'MY', 'PNG', 'Penang (Pulau Pinang)', NULL, NULL),
(1083, 132, 'MY', 'PRK', 'Perak', NULL, NULL),
(1084, 132, 'MY', 'PLS', 'Perlis', NULL, NULL),
(1085, 132, 'MY', 'SBH', 'Sabah', NULL, NULL),
(1086, 132, 'MY', 'SWK', 'Sarawak', NULL, NULL),
(1087, 132, 'MY', 'SGR', 'Selangor', NULL, NULL),
(1088, 132, 'MY', 'TRG', 'Terengganu', NULL, NULL),
(1089, 132, 'MY', 'PJY', 'Putrajaya', NULL, NULL),
(1090, 132, 'MY', 'KUL', 'Kuala Lumpur', NULL, NULL),
(1091, 149, 'MZ', 'MZP', 'Cabo Delgado', NULL, NULL),
(1092, 149, 'MZ', 'MZG', 'Gaza', NULL, NULL),
(1093, 149, 'MZ', 'MZI', 'Inhambane', NULL, NULL),
(1094, 149, 'MZ', 'MZB', 'Manica', NULL, NULL),
(1095, 149, 'MZ', 'MZL', 'Maputo Province', NULL, NULL),
(1096, 149, 'MZ', 'MZMPM', 'Maputo', NULL, NULL),
(1097, 149, 'MZ', 'MZN', 'Nampula', NULL, NULL),
(1098, 149, 'MZ', 'MZA', 'Niassa', NULL, NULL),
(1099, 149, 'MZ', 'MZS', 'Sofala', NULL, NULL),
(1100, 149, 'MZ', 'MZT', 'Tete', NULL, NULL),
(1101, 149, 'MZ', 'MZQ', 'Zambézia', NULL, NULL),
(1102, 151, 'NA', 'ER', 'Erongo', NULL, NULL),
(1103, 151, 'NA', 'HA', 'Hardap', NULL, NULL),
(1104, 151, 'NA', 'KA', 'Karas', NULL, NULL),
(1105, 151, 'NA', 'KE', 'Kavango East', NULL, NULL),
(1106, 151, 'NA', 'KW', 'Kavango West', NULL, NULL),
(1107, 151, 'NA', 'KH', 'Khomas', NULL, NULL),
(1108, 151, 'NA', 'KU', 'Kunene', NULL, NULL),
(1109, 151, 'NA', 'OW', 'Ohangwena', NULL, NULL),
(1110, 151, 'NA', 'OH', 'Omaheke', NULL, NULL),
(1111, 151, 'NA', 'OS', 'Omusati', NULL, NULL),
(1112, 151, 'NA', 'ON', 'Oshana', NULL, NULL),
(1113, 151, 'NA', 'OT', 'Oshikoto', NULL, NULL),
(1114, 151, 'NA', 'OD', 'Otjozondjupa', NULL, NULL),
(1115, 151, 'NA', 'CA', 'Zambezi', NULL, NULL),
(1116, 159, 'NG', 'AB', 'Abia', NULL, NULL),
(1117, 159, 'NG', 'FC', 'Abuja', NULL, NULL),
(1118, 159, 'NG', 'AD', 'Adamawa', NULL, NULL),
(1119, 159, 'NG', 'AK', 'Akwa Ibom', NULL, NULL),
(1120, 159, 'NG', 'AN', 'Anambra', NULL, NULL),
(1121, 159, 'NG', 'BA', 'Bauchi', NULL, NULL),
(1122, 159, 'NG', 'BY', 'Bayelsa', NULL, NULL),
(1123, 159, 'NG', 'BE', 'Benue', NULL, NULL),
(1124, 159, 'NG', 'BO', 'Borno', NULL, NULL),
(1125, 159, 'NG', 'CR', 'Cross River', NULL, NULL),
(1126, 159, 'NG', 'DE', 'Delta', NULL, NULL),
(1127, 159, 'NG', 'EB', 'Ebonyi', NULL, NULL),
(1128, 159, 'NG', 'ED', 'Edo', NULL, NULL),
(1129, 159, 'NG', 'EK', 'Ekiti', NULL, NULL),
(1130, 159, 'NG', 'EN', 'Enugu', NULL, NULL),
(1131, 159, 'NG', 'GO', 'Gombe', NULL, NULL),
(1132, 159, 'NG', 'IM', 'Imo', NULL, NULL),
(1133, 159, 'NG', 'JI', 'Jigawa', NULL, NULL),
(1134, 159, 'NG', 'KD', 'Kaduna', NULL, NULL),
(1135, 159, 'NG', 'KN', 'Kano', NULL, NULL),
(1136, 159, 'NG', 'KT', 'Katsina', NULL, NULL),
(1137, 159, 'NG', 'KE', 'Kebbi', NULL, NULL),
(1138, 159, 'NG', 'KO', 'Kogi', NULL, NULL),
(1139, 159, 'NG', 'KW', 'Kwara', NULL, NULL),
(1140, 159, 'NG', 'LA', 'Lagos', NULL, NULL),
(1141, 159, 'NG', 'NA', 'Nasarawa', NULL, NULL),
(1142, 159, 'NG', 'NI', 'Niger', NULL, NULL),
(1143, 159, 'NG', 'OG', 'Ogun', NULL, NULL),
(1144, 159, 'NG', 'ON', 'Ondo', NULL, NULL),
(1145, 159, 'NG', 'OS', 'Osun', NULL, NULL),
(1146, 159, 'NG', 'OY', 'Oyo', NULL, NULL),
(1147, 159, 'NG', 'PL', 'Plateau', NULL, NULL),
(1148, 159, 'NG', 'RI', 'Rivers', NULL, NULL),
(1149, 159, 'NG', 'SO', 'Sokoto', NULL, NULL),
(1150, 159, 'NG', 'TA', 'Taraba', NULL, NULL),
(1151, 159, 'NG', 'YO', 'Yobe', NULL, NULL),
(1152, 159, 'NG', 'ZA', 'Zamfara', NULL, NULL),
(1153, 153, 'NP', 'BAG', 'Bagmati', NULL, NULL),
(1154, 153, 'NP', 'BHE', 'Bheri', NULL, NULL),
(1155, 153, 'NP', 'DHA', 'Dhaulagiri', NULL, NULL),
(1156, 153, 'NP', 'GAN', 'Gandaki', NULL, NULL),
(1157, 153, 'NP', 'JAN', 'Janakpur', NULL, NULL),
(1158, 153, 'NP', 'KAR', 'Karnali', NULL, NULL),
(1159, 153, 'NP', 'KOS', 'Koshi', NULL, NULL),
(1160, 153, 'NP', 'LUM', 'Lumbini', NULL, NULL),
(1161, 153, 'NP', 'MAH', 'Mahakali', NULL, NULL),
(1162, 153, 'NP', 'MEC', 'Mechi', NULL, NULL),
(1163, 153, 'NP', 'NAR', 'Narayani', NULL, NULL),
(1164, 153, 'NP', 'RAP', 'Rapti', NULL, NULL),
(1165, 153, 'NP', 'SAG', 'Sagarmatha', NULL, NULL),
(1166, 153, 'NP', 'SET', 'Seti', NULL, NULL),
(1167, 157, 'NI', 'NI-AN', 'Atlántico Norte', NULL, NULL),
(1168, 157, 'NI', 'NI-AS', 'Atlántico Sur', NULL, NULL),
(1169, 157, 'NI', 'NI-BO', 'Boaco', NULL, NULL),
(1170, 157, 'NI', 'NI-CA', 'Carazo', NULL, NULL),
(1171, 157, 'NI', 'NI-CI', 'Chinandega', NULL, NULL),
(1172, 157, 'NI', 'NI-CO', 'Chontales', NULL, NULL),
(1173, 157, 'NI', 'NI-ES', 'Estelí', NULL, NULL),
(1174, 157, 'NI', 'NI-GR', 'Granada', NULL, NULL),
(1175, 157, 'NI', 'NI-JI', 'Jinotega', NULL, NULL),
(1176, 157, 'NI', 'NI-LE', 'León', NULL, NULL),
(1177, 157, 'NI', 'NI-MD', 'Madriz', NULL, NULL),
(1178, 157, 'NI', 'NI-MN', 'Managua', NULL, NULL),
(1179, 157, 'NI', 'NI-MS', 'Masaya', NULL, NULL),
(1180, 157, 'NI', 'NI-MT', 'Matagalpa', NULL, NULL),
(1181, 157, 'NI', 'NI-NS', 'Nueva Segovia', NULL, NULL),
(1182, 157, 'NI', 'NI-RI', 'Rivas', NULL, NULL),
(1183, 157, 'NI', 'NI-SJ', 'Río San Juan', NULL, NULL),
(1184, 156, 'NZ', 'NL', 'Northland', NULL, NULL),
(1185, 156, 'NZ', 'AK', 'Auckland', NULL, NULL),
(1186, 156, 'NZ', 'WA', 'Waikato', NULL, NULL),
(1187, 156, 'NZ', 'BP', 'Bay of Plenty', NULL, NULL),
(1188, 156, 'NZ', 'TK', 'Taranaki', NULL, NULL),
(1189, 156, 'NZ', 'GI', 'Gisborne', NULL, NULL),
(1190, 156, 'NZ', 'HB', 'Hawke’s Bay', NULL, NULL),
(1191, 156, 'NZ', 'MW', 'Manawatu-Wanganui', NULL, NULL),
(1192, 156, 'NZ', 'WE', 'Wellington', NULL, NULL),
(1193, 156, 'NZ', 'NS', 'Nelson', NULL, NULL),
(1194, 156, 'NZ', 'MB', 'Marlborough', NULL, NULL),
(1195, 156, 'NZ', 'TM', 'Tasman', NULL, NULL),
(1196, 156, 'NZ', 'WC', 'West Coast', NULL, NULL),
(1197, 156, 'NZ', 'CT', 'Canterbury', NULL, NULL),
(1198, 156, 'NZ', 'OT', 'Otago', NULL, NULL),
(1199, 156, 'NZ', 'SL', 'Southland', NULL, NULL),
(1200, 169, 'PA', 'PA-1', 'Bocas del Toro', NULL, NULL),
(1201, 169, 'PA', 'PA-2', 'Coclé', NULL, NULL),
(1202, 169, 'PA', 'PA-3', 'Colón', NULL, NULL),
(1203, 169, 'PA', 'PA-4', 'Chiriquí', NULL, NULL),
(1204, 169, 'PA', 'PA-5', 'Darién', NULL, NULL),
(1205, 169, 'PA', 'PA-6', 'Herrera', NULL, NULL),
(1206, 169, 'PA', 'PA-7', 'Los Santos', NULL, NULL),
(1207, 169, 'PA', 'PA-8', 'Panamá', NULL, NULL),
(1208, 169, 'PA', 'PA-9', 'Veraguas', NULL, NULL),
(1209, 169, 'PA', 'PA-10', 'West Panamá', NULL, NULL),
(1210, 169, 'PA', 'PA-EM', 'Emberá', NULL, NULL),
(1211, 169, 'PA', 'PA-KY', 'Guna Yala', NULL, NULL),
(1212, 169, 'PA', 'PA-NB', 'Ngöbe-Buglé', NULL, NULL),
(1213, 172, 'PE', 'CAL', 'El Callao', NULL, NULL),
(1214, 172, 'PE', 'LMA', 'Municipalidad Metropolitana de Lima', NULL, NULL),
(1215, 172, 'PE', 'AMA', 'Amazonas', NULL, NULL),
(1216, 172, 'PE', 'ANC', 'Ancash', NULL, NULL),
(1217, 172, 'PE', 'APU', 'Apurímac', NULL, NULL),
(1218, 172, 'PE', 'ARE', 'Arequipa', NULL, NULL),
(1219, 172, 'PE', 'AYA', 'Ayacucho', NULL, NULL),
(1220, 172, 'PE', 'CAJ', 'Cajamarca', NULL, NULL),
(1221, 172, 'PE', 'CUS', 'Cusco', NULL, NULL),
(1222, 172, 'PE', 'HUV', 'Huancavelica', NULL, NULL),
(1223, 172, 'PE', 'HUC', 'Huánuco', NULL, NULL),
(1224, 172, 'PE', 'ICA', 'Ica', NULL, NULL),
(1225, 172, 'PE', 'JUN', 'Junín', NULL, NULL),
(1226, 172, 'PE', 'LAL', 'La Libertad', NULL, NULL),
(1227, 172, 'PE', 'LAM', 'Lambayeque', NULL, NULL),
(1228, 172, 'PE', 'LIM', 'Lima', NULL, NULL),
(1229, 172, 'PE', 'LOR', 'Loreto', NULL, NULL),
(1230, 172, 'PE', 'MDD', 'Madre de Dios', NULL, NULL),
(1231, 172, 'PE', 'MOQ', 'Moquegua', NULL, NULL),
(1232, 172, 'PE', 'PAS', 'Pasco', NULL, NULL),
(1233, 172, 'PE', 'PIU', 'Piura', NULL, NULL),
(1234, 172, 'PE', 'PUN', 'Puno', NULL, NULL),
(1235, 172, 'PE', 'SAM', 'San Martín', NULL, NULL),
(1236, 172, 'PE', 'TAC', 'Tacna', NULL, NULL),
(1237, 172, 'PE', 'TUM', 'Tumbes', NULL, NULL),
(1238, 172, 'PE', 'UCA', 'Ucayali', NULL, NULL),
(1239, 173, 'PH', 'ABR', 'Abra', NULL, NULL),
(1240, 173, 'PH', 'AGN', 'Agusan del Norte', NULL, NULL),
(1241, 173, 'PH', 'AGS', 'Agusan del Sur', NULL, NULL),
(1242, 173, 'PH', 'AKL', 'Aklan', NULL, NULL),
(1243, 173, 'PH', 'ALB', 'Albay', NULL, NULL),
(1244, 173, 'PH', 'ANT', 'Antique', NULL, NULL),
(1245, 173, 'PH', 'APA', 'Apayao', NULL, NULL),
(1246, 173, 'PH', 'AUR', 'Aurora', NULL, NULL),
(1247, 173, 'PH', 'BAS', 'Basilan', NULL, NULL),
(1248, 173, 'PH', 'BAN', 'Bataan', NULL, NULL),
(1249, 173, 'PH', 'BTN', 'Batanes', NULL, NULL),
(1250, 173, 'PH', 'BTG', 'Batangas', NULL, NULL),
(1251, 173, 'PH', 'BEN', 'Benguet', NULL, NULL),
(1252, 173, 'PH', 'BIL', 'Biliran', NULL, NULL),
(1253, 173, 'PH', 'BOH', 'Bohol', NULL, NULL),
(1254, 173, 'PH', 'BUK', 'Bukidnon', NULL, NULL),
(1255, 173, 'PH', 'BUL', 'Bulacan', NULL, NULL),
(1256, 173, 'PH', 'CAG', 'Cagayan', NULL, NULL),
(1257, 173, 'PH', 'CAN', 'Camarines Norte', NULL, NULL),
(1258, 173, 'PH', 'CAS', 'Camarines Sur', NULL, NULL),
(1259, 173, 'PH', 'CAM', 'Camiguin', NULL, NULL),
(1260, 173, 'PH', 'CAP', 'Capiz', NULL, NULL),
(1261, 173, 'PH', 'CAT', 'Catanduanes', NULL, NULL),
(1262, 173, 'PH', 'CAV', 'Cavite', NULL, NULL),
(1263, 173, 'PH', 'CEB', 'Cebu', NULL, NULL),
(1264, 173, 'PH', 'COM', 'Compostela Valley', NULL, NULL),
(1265, 173, 'PH', 'NCO', 'Cotabato', NULL, NULL),
(1266, 173, 'PH', 'DAV', 'Davao del Norte', NULL, NULL),
(1267, 173, 'PH', 'DAS', 'Davao del Sur', NULL, NULL),
(1268, 173, 'PH', 'DAC', 'Davao Occidental', NULL, NULL),
(1269, 173, 'PH', 'DAO', 'Davao Oriental', NULL, NULL),
(1270, 173, 'PH', 'DIN', 'Dinagat Islands', NULL, NULL),
(1271, 173, 'PH', 'EAS', 'Eastern Samar', NULL, NULL),
(1272, 173, 'PH', 'GUI', 'Guimaras', NULL, NULL),
(1273, 173, 'PH', 'IFU', 'Ifugao', NULL, NULL),
(1274, 173, 'PH', 'ILN', 'Ilocos Norte', NULL, NULL),
(1275, 173, 'PH', 'ILS', 'Ilocos Sur', NULL, NULL),
(1276, 173, 'PH', 'ILI', 'Iloilo', NULL, NULL),
(1277, 173, 'PH', 'ISA', 'Isabela', NULL, NULL),
(1278, 173, 'PH', 'KAL', 'Kalinga', NULL, NULL),
(1279, 173, 'PH', 'LUN', 'La Union', NULL, NULL),
(1280, 173, 'PH', 'LAG', 'Laguna', NULL, NULL),
(1281, 173, 'PH', 'LAN', 'Lanao del Norte', NULL, NULL),
(1282, 173, 'PH', 'LAS', 'Lanao del Sur', NULL, NULL),
(1283, 173, 'PH', 'LEY', 'Leyte', NULL, NULL),
(1284, 173, 'PH', 'MAG', 'Maguindanao', NULL, NULL),
(1285, 173, 'PH', 'MAD', 'Marinduque', NULL, NULL),
(1286, 173, 'PH', 'MAS', 'Masbate', NULL, NULL),
(1287, 173, 'PH', 'MSC', 'Misamis Occidental', NULL, NULL),
(1288, 173, 'PH', 'MSR', 'Misamis Oriental', NULL, NULL),
(1289, 173, 'PH', 'MOU', 'Mountain Province', NULL, NULL),
(1290, 173, 'PH', 'NEC', 'Negros Occidental', NULL, NULL),
(1291, 173, 'PH', 'NER', 'Negros Oriental', NULL, NULL),
(1292, 173, 'PH', 'NSA', 'Northern Samar', NULL, NULL),
(1293, 173, 'PH', 'NUE', 'Nueva Ecija', NULL, NULL),
(1294, 173, 'PH', 'NUV', 'Nueva Vizcaya', NULL, NULL),
(1295, 173, 'PH', 'MDC', 'Occidental Mindoro', NULL, NULL),
(1296, 173, 'PH', 'MDR', 'Oriental Mindoro', NULL, NULL),
(1297, 173, 'PH', 'PLW', 'Palawan', NULL, NULL),
(1298, 173, 'PH', 'PAM', 'Pampanga', NULL, NULL),
(1299, 173, 'PH', 'PAN', 'Pangasinan', NULL, NULL),
(1300, 173, 'PH', 'QUE', 'Quezon', NULL, NULL),
(1301, 173, 'PH', 'QUI', 'Quirino', NULL, NULL),
(1302, 173, 'PH', 'RIZ', 'Rizal', NULL, NULL),
(1303, 173, 'PH', 'ROM', 'Romblon', NULL, NULL),
(1304, 173, 'PH', 'WSA', 'Samar', NULL, NULL),
(1305, 173, 'PH', 'SAR', 'Sarangani', NULL, NULL),
(1306, 173, 'PH', 'SIQ', 'Siquijor', NULL, NULL),
(1307, 173, 'PH', 'SOR', 'Sorsogon', NULL, NULL),
(1308, 173, 'PH', 'SCO', 'South Cotabato', NULL, NULL),
(1309, 173, 'PH', 'SLE', 'Southern Leyte', NULL, NULL),
(1310, 173, 'PH', 'SUK', 'Sultan Kudarat', NULL, NULL),
(1311, 173, 'PH', 'SLU', 'Sulu', NULL, NULL),
(1312, 173, 'PH', 'SUN', 'Surigao del Norte', NULL, NULL),
(1313, 173, 'PH', 'SUR', 'Surigao del Sur', NULL, NULL),
(1314, 173, 'PH', 'TAR', 'Tarlac', NULL, NULL),
(1315, 173, 'PH', 'TAW', 'Tawi-Tawi', NULL, NULL),
(1316, 173, 'PH', 'ZMB', 'Zambales', NULL, NULL),
(1317, 173, 'PH', 'ZAN', 'Zamboanga del Norte', NULL, NULL),
(1318, 173, 'PH', 'ZAS', 'Zamboanga del Sur', NULL, NULL),
(1319, 173, 'PH', 'ZSI', 'Zamboanga Sibugay', NULL, NULL),
(1320, 173, 'PH', '00', 'Metro Manila', NULL, NULL),
(1321, 167, 'PK', 'JK', 'Azad Kashmir', NULL, NULL),
(1322, 167, 'PK', 'BA', 'Balochistan', NULL, NULL),
(1323, 167, 'PK', 'TA', 'FATA', NULL, NULL),
(1324, 167, 'PK', 'GB', 'Gilgit Baltistan', NULL, NULL),
(1325, 167, 'PK', 'IS', 'Islamabad Capital Territory', NULL, NULL),
(1326, 167, 'PK', 'KP', 'Khyber Pakhtunkhwa', NULL, NULL),
(1327, 167, 'PK', 'PB', 'Punjab', NULL, NULL),
(1328, 167, 'PK', 'SD', 'Sindh', NULL, NULL),
(1329, 171, 'PY', 'PY-ASU', 'Asunción', NULL, NULL),
(1330, 171, 'PY', 'PY-1', 'Concepción', NULL, NULL),
(1331, 171, 'PY', 'PY-2', 'San Pedro', NULL, NULL),
(1332, 171, 'PY', 'PY-3', 'Cordillera', NULL, NULL),
(1333, 171, 'PY', 'PY-4', 'Guairá', NULL, NULL),
(1334, 171, 'PY', 'PY-5', 'Caaguazú', NULL, NULL),
(1335, 171, 'PY', 'PY-6', 'Caazapá', NULL, NULL),
(1336, 171, 'PY', 'PY-7', 'Itapúa', NULL, NULL),
(1337, 171, 'PY', 'PY-8', 'Misiones', NULL, NULL),
(1338, 171, 'PY', 'PY-9', 'Paraguarí', NULL, NULL),
(1339, 171, 'PY', 'PY-10', 'Alto Paraná', NULL, NULL),
(1340, 171, 'PY', 'PY-11', 'Central', NULL, NULL),
(1341, 171, 'PY', 'PY-12', 'Ñeembucú', NULL, NULL),
(1342, 171, 'PY', 'PY-13', 'Amambay', NULL, NULL),
(1343, 171, 'PY', 'PY-14', 'Canindeyú', NULL, NULL),
(1344, 171, 'PY', 'PY-15', 'Presidente Hayes', NULL, NULL),
(1345, 171, 'PY', 'PY-16', 'Alto Paraguay', NULL, NULL),
(1346, 171, 'PY', 'PY-17', 'Boquerón', NULL, NULL),
(1347, 180, 'RO', 'AB', 'Alba', NULL, NULL),
(1348, 180, 'RO', 'AR', 'Arad', NULL, NULL),
(1349, 180, 'RO', 'AG', 'Argeș', NULL, NULL),
(1350, 180, 'RO', 'BC', 'Bacău', NULL, NULL),
(1351, 180, 'RO', 'BH', 'Bihor', NULL, NULL),
(1352, 180, 'RO', 'BN', 'Bistrița-Năsăud', NULL, NULL),
(1353, 180, 'RO', 'BT', 'Botoșani', NULL, NULL),
(1354, 180, 'RO', 'BR', 'Brăila', NULL, NULL),
(1355, 180, 'RO', 'BV', 'Brașov', NULL, NULL),
(1356, 180, 'RO', 'B', 'București', NULL, NULL),
(1357, 180, 'RO', 'BZ', 'Buzău', NULL, NULL),
(1358, 180, 'RO', 'CL', 'Călărași', NULL, NULL),
(1359, 180, 'RO', 'CS', 'Caraș-Severin', NULL, NULL),
(1360, 180, 'RO', 'CJ', 'Cluj', NULL, NULL),
(1361, 180, 'RO', 'CT', 'Constanța', NULL, NULL),
(1362, 180, 'RO', 'CV', 'Covasna', NULL, NULL),
(1363, 180, 'RO', 'DB', 'Dâmbovița', NULL, NULL),
(1364, 180, 'RO', 'DJ', 'Dolj', NULL, NULL),
(1365, 180, 'RO', 'GL', 'Galați', NULL, NULL),
(1366, 180, 'RO', 'GR', 'Giurgiu', NULL, NULL),
(1367, 180, 'RO', 'GJ', 'Gorj', NULL, NULL),
(1368, 180, 'RO', 'HR', 'Harghita', NULL, NULL),
(1369, 180, 'RO', 'HD', 'Hunedoara', NULL, NULL),
(1370, 180, 'RO', 'IL', 'Ialomița', NULL, NULL),
(1371, 180, 'RO', 'IS', 'Iași', NULL, NULL),
(1372, 180, 'RO', 'IF', 'Ilfov', NULL, NULL),
(1373, 180, 'RO', 'MM', 'Maramureș', NULL, NULL),
(1374, 180, 'RO', 'MH', 'Mehedinți', NULL, NULL),
(1375, 180, 'RO', 'MS', 'Mureș', NULL, NULL),
(1376, 180, 'RO', 'NT', 'Neamț', NULL, NULL),
(1377, 180, 'RO', 'OT', 'Olt', NULL, NULL),
(1378, 180, 'RO', 'PH', 'Prahova', NULL, NULL),
(1379, 180, 'RO', 'SJ', 'Sălaj', NULL, NULL),
(1380, 180, 'RO', 'SM', 'Satu Mare', NULL, NULL),
(1381, 180, 'RO', 'SB', 'Sibiu', NULL, NULL),
(1382, 180, 'RO', 'SV', 'Suceava', NULL, NULL),
(1383, 180, 'RO', 'TR', 'Teleorman', NULL, NULL),
(1384, 180, 'RO', 'TM', 'Timiș', NULL, NULL),
(1385, 180, 'RO', 'TL', 'Tulcea', NULL, NULL),
(1386, 180, 'RO', 'VL', 'Vâlcea', NULL, NULL),
(1387, 180, 'RO', 'VS', 'Vaslui', NULL, NULL),
(1388, 180, 'RO', 'VN', 'Vrancea', NULL, NULL),
(1389, 67, 'SV', 'SV-AH', 'Ahuachapán', NULL, NULL),
(1390, 67, 'SV', 'SV-CA', 'Cabañas', NULL, NULL),
(1391, 67, 'SV', 'SV-CH', 'Chalatenango', NULL, NULL),
(1392, 67, 'SV', 'SV-CU', 'Cuscatlán', NULL, NULL),
(1393, 67, 'SV', 'SV-LI', 'La Libertad', NULL, NULL),
(1394, 67, 'SV', 'SV-MO', 'Morazán', NULL, NULL),
(1395, 67, 'SV', 'SV-PA', 'La Paz', NULL, NULL),
(1396, 67, 'SV', 'SV-SA', 'Santa Ana', NULL, NULL),
(1397, 67, 'SV', 'SV-SM', 'San Miguel', NULL, NULL),
(1398, 67, 'SV', 'SV-SO', 'Sonsonate', NULL, NULL),
(1399, 67, 'SV', 'SV-SS', 'San Salvador', NULL, NULL),
(1400, 67, 'SV', 'SV-SV', 'San Vicente', NULL, NULL),
(1401, 67, 'SV', 'SV-UN', 'La Unión', NULL, NULL),
(1402, 67, 'SV', 'SV-US', 'Usulután', NULL, NULL),
(1403, 220, 'TH', 'TH-37', 'Amnat Charoen', NULL, NULL),
(1404, 220, 'TH', 'TH-15', 'Ang Thong', NULL, NULL),
(1405, 220, 'TH', 'TH-14', 'Ayutthaya', NULL, NULL),
(1406, 220, 'TH', 'TH-10', 'Bangkok', NULL, NULL),
(1407, 220, 'TH', 'TH-38', 'Bueng Kan', NULL, NULL),
(1408, 220, 'TH', 'TH-31', 'Buri Ram', NULL, NULL),
(1409, 220, 'TH', 'TH-24', 'Chachoengsao', NULL, NULL),
(1410, 220, 'TH', 'TH-18', 'Chai Nat', NULL, NULL),
(1411, 220, 'TH', 'TH-36', 'Chaiyaphum', NULL, NULL),
(1412, 220, 'TH', 'TH-22', 'Chanthaburi', NULL, NULL),
(1413, 220, 'TH', 'TH-50', 'Chiang Mai', NULL, NULL),
(1414, 220, 'TH', 'TH-57', 'Chiang Rai', NULL, NULL),
(1415, 220, 'TH', 'TH-20', 'Chonburi', NULL, NULL),
(1416, 220, 'TH', 'TH-86', 'Chumphon', NULL, NULL),
(1417, 220, 'TH', 'TH-46', 'Kalasin', NULL, NULL),
(1418, 220, 'TH', 'TH-62', 'Kamphaeng Phet', NULL, NULL),
(1419, 220, 'TH', 'TH-71', 'Kanchanaburi', NULL, NULL),
(1420, 220, 'TH', 'TH-40', 'Khon Kaen', NULL, NULL),
(1421, 220, 'TH', 'TH-81', 'Krabi', NULL, NULL),
(1422, 220, 'TH', 'TH-52', 'Lampang', NULL, NULL),
(1423, 220, 'TH', 'TH-51', 'Lamphun', NULL, NULL),
(1424, 220, 'TH', 'TH-42', 'Loei', NULL, NULL),
(1425, 220, 'TH', 'TH-16', 'Lopburi', NULL, NULL),
(1426, 220, 'TH', 'TH-58', 'Mae Hong Son', NULL, NULL),
(1427, 220, 'TH', 'TH-44', 'Maha Sarakham', NULL, NULL),
(1428, 220, 'TH', 'TH-49', 'Mukdahan', NULL, NULL),
(1429, 220, 'TH', 'TH-26', 'Nakhon Nayok', NULL, NULL),
(1430, 220, 'TH', 'TH-73', 'Nakhon Pathom', NULL, NULL),
(1431, 220, 'TH', 'TH-48', 'Nakhon Phanom', NULL, NULL),
(1432, 220, 'TH', 'TH-30', 'Nakhon Ratchasima', NULL, NULL),
(1433, 220, 'TH', 'TH-60', 'Nakhon Sawan', NULL, NULL),
(1434, 220, 'TH', 'TH-80', 'Nakhon Si Thammarat', NULL, NULL),
(1435, 220, 'TH', 'TH-55', 'Nan', NULL, NULL),
(1436, 220, 'TH', 'TH-96', 'Narathiwat', NULL, NULL),
(1437, 220, 'TH', 'TH-39', 'Nong Bua Lam Phu', NULL, NULL),
(1438, 220, 'TH', 'TH-43', 'Nong Khai', NULL, NULL),
(1439, 220, 'TH', 'TH-12', 'Nonthaburi', NULL, NULL),
(1440, 220, 'TH', 'TH-13', 'Pathum Thani', NULL, NULL),
(1441, 220, 'TH', 'TH-94', 'Pattani', NULL, NULL),
(1442, 220, 'TH', 'TH-82', 'Phang Nga', NULL, NULL),
(1443, 220, 'TH', 'TH-93', 'Phatthalung', NULL, NULL),
(1444, 220, 'TH', 'TH-56', 'Phayao', NULL, NULL),
(1445, 220, 'TH', 'TH-67', 'Phetchabun', NULL, NULL),
(1446, 220, 'TH', 'TH-76', 'Phetchaburi', NULL, NULL),
(1447, 220, 'TH', 'TH-66', 'Phichit', NULL, NULL),
(1448, 220, 'TH', 'TH-65', 'Phitsanulok', NULL, NULL),
(1449, 220, 'TH', 'TH-54', 'Phrae', NULL, NULL),
(1450, 220, 'TH', 'TH-83', 'Phuket', NULL, NULL),
(1451, 220, 'TH', 'TH-25', 'Prachin Buri', NULL, NULL),
(1452, 220, 'TH', 'TH-77', 'Prachuap Khiri Khan', NULL, NULL),
(1453, 220, 'TH', 'TH-85', 'Ranong', NULL, NULL),
(1454, 220, 'TH', 'TH-70', 'Ratchaburi', NULL, NULL),
(1455, 220, 'TH', 'TH-21', 'Rayong', NULL, NULL),
(1456, 220, 'TH', 'TH-45', 'Roi Et', NULL, NULL),
(1457, 220, 'TH', 'TH-27', 'Sa Kaeo', NULL, NULL),
(1458, 220, 'TH', 'TH-47', 'Sakon Nakhon', NULL, NULL),
(1459, 220, 'TH', 'TH-11', 'Samut Prakan', NULL, NULL),
(1460, 220, 'TH', 'TH-74', 'Samut Sakhon', NULL, NULL),
(1461, 220, 'TH', 'TH-75', 'Samut Songkhram', NULL, NULL),
(1462, 220, 'TH', 'TH-19', 'Saraburi', NULL, NULL),
(1463, 220, 'TH', 'TH-91', 'Satun', NULL, NULL),
(1464, 220, 'TH', 'TH-17', 'Sing Buri', NULL, NULL),
(1465, 220, 'TH', 'TH-33', 'Sisaket', NULL, NULL),
(1466, 220, 'TH', 'TH-90', 'Songkhla', NULL, NULL),
(1467, 220, 'TH', 'TH-64', 'Sukhothai', NULL, NULL),
(1468, 220, 'TH', 'TH-72', 'Suphan Buri', NULL, NULL),
(1469, 220, 'TH', 'TH-84', 'Surat Thani', NULL, NULL),
(1470, 220, 'TH', 'TH-32', 'Surin', NULL, NULL),
(1471, 220, 'TH', 'TH-63', 'Tak', NULL, NULL),
(1472, 220, 'TH', 'TH-92', 'Trang', NULL, NULL),
(1473, 220, 'TH', 'TH-23', 'Trat', NULL, NULL),
(1474, 220, 'TH', 'TH-34', 'Ubon Ratchathani', NULL, NULL),
(1475, 220, 'TH', 'TH-41', 'Udon Thani', NULL, NULL),
(1476, 220, 'TH', 'TH-61', 'Uthai Thani', NULL, NULL),
(1477, 220, 'TH', 'TH-53', 'Uttaradit', NULL, NULL),
(1478, 220, 'TH', 'TH-95', 'Yala', NULL, NULL),
(1479, 220, 'TH', 'TH-35', 'Yasothon', NULL, NULL),
(1480, 227, 'TR', 'TR01', 'Adana', NULL, NULL),
(1481, 227, 'TR', 'TR02', 'Adıyaman', NULL, NULL),
(1482, 227, 'TR', 'TR03', 'Afyon', NULL, NULL),
(1483, 227, 'TR', 'TR04', 'Ağrı', NULL, NULL),
(1484, 227, 'TR', 'TR05', 'Amasya', NULL, NULL),
(1485, 227, 'TR', 'TR06', 'Ankara', NULL, NULL),
(1486, 227, 'TR', 'TR07', 'Antalya', NULL, NULL),
(1487, 227, 'TR', 'TR08', 'Artvin', NULL, NULL),
(1488, 227, 'TR', 'TR09', 'Aydın', NULL, NULL),
(1489, 227, 'TR', 'TR10', 'Balıkesir', NULL, NULL),
(1490, 227, 'TR', 'TR11', 'Bilecik', NULL, NULL),
(1491, 227, 'TR', 'TR12', 'Bingöl', NULL, NULL),
(1492, 227, 'TR', 'TR13', 'Bitlis', NULL, NULL),
(1493, 227, 'TR', 'TR14', 'Bolu', NULL, NULL),
(1494, 227, 'TR', 'TR15', 'Burdur', NULL, NULL),
(1495, 227, 'TR', 'TR16', 'Bursa', NULL, NULL),
(1496, 227, 'TR', 'TR17', 'Çanakkale', NULL, NULL),
(1497, 227, 'TR', 'TR18', 'Çankırı', NULL, NULL),
(1498, 227, 'TR', 'TR19', 'Çorum', NULL, NULL),
(1499, 227, 'TR', 'TR20', 'Denizli', NULL, NULL),
(1500, 227, 'TR', 'TR21', 'Diyarbakır', NULL, NULL),
(1501, 227, 'TR', 'TR22', 'Edirne', NULL, NULL),
(1502, 227, 'TR', 'TR23', 'Elazığ', NULL, NULL),
(1503, 227, 'TR', 'TR24', 'Erzincan', NULL, NULL),
(1504, 227, 'TR', 'TR25', 'Erzurum', NULL, NULL),
(1505, 227, 'TR', 'TR26', 'Eskişehir', NULL, NULL),
(1506, 227, 'TR', 'TR27', 'Gaziantep', NULL, NULL),
(1507, 227, 'TR', 'TR28', 'Giresun', NULL, NULL),
(1508, 227, 'TR', 'TR29', 'Gümüşhane', NULL, NULL),
(1509, 227, 'TR', 'TR30', 'Hakkari', NULL, NULL),
(1510, 227, 'TR', 'TR31', 'Hatay', NULL, NULL),
(1511, 227, 'TR', 'TR32', 'Isparta', NULL, NULL),
(1512, 227, 'TR', 'TR33', 'İçel', NULL, NULL),
(1513, 227, 'TR', 'TR34', 'İstanbul', NULL, NULL),
(1514, 227, 'TR', 'TR35', 'İzmir', NULL, NULL),
(1515, 227, 'TR', 'TR36', 'Kars', NULL, NULL),
(1516, 227, 'TR', 'TR37', 'Kastamonu', NULL, NULL),
(1517, 227, 'TR', 'TR38', 'Kayseri', NULL, NULL),
(1518, 227, 'TR', 'TR39', 'Kırklareli', NULL, NULL),
(1519, 227, 'TR', 'TR40', 'Kırşehir', NULL, NULL),
(1520, 227, 'TR', 'TR41', 'Kocaeli', NULL, NULL),
(1521, 227, 'TR', 'TR42', 'Konya', NULL, NULL),
(1522, 227, 'TR', 'TR43', 'Kütahya', NULL, NULL),
(1523, 227, 'TR', 'TR44', 'Malatya', NULL, NULL),
(1524, 227, 'TR', 'TR45', 'Manisa', NULL, NULL),
(1525, 227, 'TR', 'TR46', 'Kahramanmaraş', NULL, NULL),
(1526, 227, 'TR', 'TR47', 'Mardin', NULL, NULL),
(1527, 227, 'TR', 'TR48', 'Muğla', NULL, NULL),
(1528, 227, 'TR', 'TR49', 'Muş', NULL, NULL),
(1529, 227, 'TR', 'TR50', 'Nevşehir', NULL, NULL),
(1530, 227, 'TR', 'TR51', 'Niğde', NULL, NULL),
(1531, 227, 'TR', 'TR52', 'Ordu', NULL, NULL),
(1532, 227, 'TR', 'TR53', 'Rize', NULL, NULL),
(1533, 227, 'TR', 'TR54', 'Sakarya', NULL, NULL),
(1534, 227, 'TR', 'TR55', 'Samsun', NULL, NULL),
(1535, 227, 'TR', 'TR56', 'Siirt', NULL, NULL),
(1536, 227, 'TR', 'TR57', 'Sinop', NULL, NULL),
(1537, 227, 'TR', 'TR58', 'Sivas', NULL, NULL),
(1538, 227, 'TR', 'TR59', 'Tekirdağ', NULL, NULL),
(1539, 227, 'TR', 'TR60', 'Tokat', NULL, NULL),
(1540, 227, 'TR', 'TR61', 'Trabzon', NULL, NULL),
(1541, 227, 'TR', 'TR62', 'Tunceli', NULL, NULL),
(1542, 227, 'TR', 'TR63', 'Şanlıurfa', NULL, NULL),
(1543, 227, 'TR', 'TR64', 'Uşak', NULL, NULL),
(1544, 227, 'TR', 'TR65', 'Van', NULL, NULL),
(1545, 227, 'TR', 'TR66', 'Yozgat', NULL, NULL),
(1546, 227, 'TR', 'TR67', 'Zonguldak', NULL, NULL),
(1547, 227, 'TR', 'TR68', 'Aksaray', NULL, NULL),
(1548, 227, 'TR', 'TR69', 'Bayburt', NULL, NULL),
(1549, 227, 'TR', 'TR70', 'Karaman', NULL, NULL),
(1550, 227, 'TR', 'TR71', 'Kırıkkale', NULL, NULL),
(1551, 227, 'TR', 'TR72', 'Batman', NULL, NULL),
(1552, 227, 'TR', 'TR73', 'Şırnak', NULL, NULL),
(1553, 227, 'TR', 'TR74', 'Bartın', NULL, NULL),
(1554, 227, 'TR', 'TR75', 'Ardahan', NULL, NULL),
(1555, 227, 'TR', 'TR76', 'Iğdır', NULL, NULL),
(1556, 227, 'TR', 'TR77', 'Yalova', NULL, NULL),
(1557, 227, 'TR', 'TR78', 'Karabük', NULL, NULL),
(1558, 227, 'TR', 'TR79', 'Kilis', NULL, NULL),
(1559, 227, 'TR', 'TR80', 'Osmaniye', NULL, NULL),
(1560, 227, 'TR', 'TR81', 'Düzce', NULL, NULL),
(1561, 219, 'TZ', 'TZ01', 'Arusha', NULL, NULL),
(1562, 219, 'TZ', 'TZ02', 'Dar es Salaam', NULL, NULL),
(1563, 219, 'TZ', 'TZ03', 'Dodoma', NULL, NULL),
(1564, 219, 'TZ', 'TZ04', 'Iringa', NULL, NULL),
(1565, 219, 'TZ', 'TZ05', 'Kagera', NULL, NULL),
(1566, 219, 'TZ', 'TZ06', 'Pemba North', NULL, NULL),
(1567, 219, 'TZ', 'TZ07', 'Zanzibar North', NULL, NULL),
(1568, 219, 'TZ', 'TZ08', 'Kigoma', NULL, NULL),
(1569, 219, 'TZ', 'TZ09', 'Kilimanjaro', NULL, NULL),
(1570, 219, 'TZ', 'TZ10', 'Pemba South', NULL, NULL),
(1571, 219, 'TZ', 'TZ11', 'Zanzibar South', NULL, NULL),
(1572, 219, 'TZ', 'TZ12', 'Lindi', NULL, NULL),
(1573, 219, 'TZ', 'TZ13', 'Mara', NULL, NULL),
(1574, 219, 'TZ', 'TZ14', 'Mbeya', NULL, NULL),
(1575, 219, 'TZ', 'TZ15', 'Zanzibar West', NULL, NULL),
(1576, 219, 'TZ', 'TZ16', 'Morogoro', NULL, NULL),
(1577, 219, 'TZ', 'TZ17', 'Mtwara', NULL, NULL),
(1578, 219, 'TZ', 'TZ18', 'Mwanza', NULL, NULL),
(1579, 219, 'TZ', 'TZ19', 'Coast', NULL, NULL),
(1580, 219, 'TZ', 'TZ20', 'Rukwa', NULL, NULL),
(1581, 219, 'TZ', 'TZ21', 'Ruvuma', NULL, NULL),
(1582, 219, 'TZ', 'TZ22', 'Shinyanga', NULL, NULL),
(1583, 219, 'TZ', 'TZ23', 'Singida', NULL, NULL),
(1584, 219, 'TZ', 'TZ24', 'Tabora', NULL, NULL),
(1585, 219, 'TZ', 'TZ25', 'Tanga', NULL, NULL),
(1586, 219, 'TZ', 'TZ26', 'Manyara', NULL, NULL),
(1587, 219, 'TZ', 'TZ27', 'Geita', NULL, NULL),
(1588, 219, 'TZ', 'TZ28', 'Katavi', NULL, NULL),
(1589, 219, 'TZ', 'TZ29', 'Njombe', NULL, NULL),
(1590, 219, 'TZ', 'TZ30', 'Simiyu', NULL, NULL),
(1591, 196, 'RS', 'RS00', 'Belgrade', NULL, NULL),
(1592, 196, 'RS', '0', 'district', NULL, NULL),
(1593, 196, 'RS', 'RS14', 'Bor', NULL, NULL),
(1594, 196, 'RS', '1', 'district', NULL, NULL),
(1595, 196, 'RS', 'RS11', 'Braničevo', NULL, NULL),
(1596, 196, 'RS', '2', 'district', NULL, NULL),
(1597, 196, 'RS', 'RS02', 'Central Banat', NULL, NULL),
(1598, 196, 'RS', '3', 'district', NULL, NULL),
(1599, 196, 'RS', 'RS10', 'Danube', NULL, NULL),
(1600, 196, 'RS', '4', 'district', NULL, NULL),
(1601, 196, 'RS', 'RS23', 'Jablanica', NULL, NULL),
(1602, 196, 'RS', '5', 'district', NULL, NULL),
(1603, 196, 'RS', 'RS09', 'Kolubara', NULL, NULL),
(1604, 196, 'RS', '6', 'district', NULL, NULL),
(1605, 196, 'RS', 'RS08', 'Mačva', NULL, NULL),
(1606, 196, 'RS', '7', 'district', NULL, NULL),
(1607, 196, 'RS', 'RS17', 'Morava', NULL, NULL),
(1608, 196, 'RS', '8', 'district', NULL, NULL),
(1609, 196, 'RS', 'RS20', 'Nišava', NULL, NULL),
(1610, 196, 'RS', '9', 'district', NULL, NULL),
(1611, 196, 'RS', 'RS01', 'North Bačka', NULL, NULL),
(1612, 196, 'RS', '10', 'district', NULL, NULL),
(1613, 196, 'RS', 'RS03', 'North Banat', NULL, NULL),
(1614, 196, 'RS', '11', 'district', NULL, NULL),
(1615, 196, 'RS', 'RS24', 'Pčinja', NULL, NULL),
(1616, 196, 'RS', '12', 'district', NULL, NULL),
(1617, 196, 'RS', 'RS22', 'Pirot', NULL, NULL),
(1618, 196, 'RS', '13', 'district', NULL, NULL),
(1619, 196, 'RS', 'RS13', 'Pomoravlje', NULL, NULL),
(1620, 196, 'RS', '14', 'district', NULL, NULL),
(1621, 196, 'RS', 'RS19', 'Rasina', NULL, NULL),
(1622, 196, 'RS', '15', 'district', NULL, NULL),
(1623, 196, 'RS', 'RS18', 'Raška', NULL, NULL),
(1624, 196, 'RS', '16', 'district', NULL, NULL),
(1625, 196, 'RS', 'RS06', 'South Bačka', NULL, NULL),
(1626, 196, 'RS', '17', 'district', NULL, NULL),
(1627, 196, 'RS', 'RS04', 'South Banat', NULL, NULL),
(1628, 196, 'RS', '18', 'district', NULL, NULL),
(1629, 196, 'RS', 'RS07', 'Srem', NULL, NULL),
(1630, 196, 'RS', '19', 'district', NULL, NULL),
(1631, 196, 'RS', 'RS12', 'Šumadija', NULL, NULL),
(1632, 196, 'RS', '20', 'district', NULL, NULL),
(1633, 196, 'RS', 'RS21', 'Toplica', NULL, NULL),
(1634, 196, 'RS', '21', 'district', NULL, NULL),
(1635, 196, 'RS', 'RS05', 'West Bačka', NULL, NULL),
(1636, 196, 'RS', '22', 'district', NULL, NULL),
(1637, 196, 'RS', 'RS15', 'Zaječar', NULL, NULL),
(1638, 196, 'RS', '23', 'district', NULL, NULL),
(1639, 196, 'RS', 'RS16', 'Zlatibor', NULL, NULL),
(1640, 196, 'RS', '24', 'district', NULL, NULL),
(1641, 196, 'RS', 'RS25', 'Kosovo', NULL, NULL),
(1642, 196, 'RS', '25', 'district', NULL, NULL),
(1643, 196, 'RS', 'RS26', 'Peć', NULL, NULL),
(1644, 196, 'RS', '26', 'district', NULL, NULL),
(1645, 196, 'RS', 'RS27', 'Prizren', NULL, NULL),
(1646, 196, 'RS', '27', 'district', NULL, NULL),
(1647, 196, 'RS', 'RS28', 'Kosovska Mitrovica', NULL, NULL),
(1648, 196, 'RS', '28', 'district', NULL, NULL),
(1649, 196, 'RS', 'RS29', 'Kosovo-Pomoravlje', NULL, NULL),
(1650, 196, 'RS', '29', 'district', NULL, NULL),
(1651, 196, 'RS', 'RSKM', 'Kosovo-Metohija', NULL, NULL),
(1652, 196, 'RS', '30', 'district', NULL, NULL),
(1653, 196, 'RS', 'RSVO', 'Vojvodina', NULL, NULL),
(1654, 196, 'RS', '31', 'district', NULL, NULL),
(1655, 232, 'UA', 'VN', 'Vinnytsia Oblast', NULL, NULL),
(1656, 232, 'UA', 'VL', 'Volyn Oblast', NULL, NULL),
(1657, 232, 'UA', 'DP', 'Dnipropetrovsk Oblast', NULL, NULL),
(1658, 232, 'UA', 'DT', 'Donetsk Oblast', NULL, NULL),
(1659, 232, 'UA', 'ZT', 'Zhytomyr Oblast', NULL, NULL),
(1660, 232, 'UA', 'ZK', 'Zakarpattia Oblast', NULL, NULL),
(1661, 232, 'UA', 'ZP', 'Zaporizhzhia Oblast', NULL, NULL),
(1662, 232, 'UA', 'IF', 'Ivano-Frankivsk Oblast', NULL, NULL),
(1663, 232, 'UA', 'KV', 'Kyiv Oblast', NULL, NULL),
(1664, 232, 'UA', 'KH', 'Kirovohrad Oblast', NULL, NULL),
(1665, 232, 'UA', 'LH', 'Luhansk Oblast', NULL, NULL),
(1666, 232, 'UA', 'LV', 'Lviv Oblast', NULL, NULL),
(1667, 232, 'UA', 'MY', 'Mykolaiv Oblast', NULL, NULL),
(1668, 232, 'UA', 'OD', 'Odessa Oblast', NULL, NULL),
(1669, 232, 'UA', 'PL', 'Poltava Oblast', NULL, NULL),
(1670, 232, 'UA', 'RV', 'Rivne Oblast', NULL, NULL),
(1671, 232, 'UA', 'SM', 'Sumy Oblast', NULL, NULL),
(1672, 232, 'UA', 'TP', 'Ternopil Oblast', NULL, NULL),
(1673, 232, 'UA', 'KK', 'Kharkiv Oblast', NULL, NULL),
(1674, 232, 'UA', 'KS', 'Kherson Oblast', NULL, NULL),
(1675, 232, 'UA', 'KM', 'Khmelnytskyi Oblast', NULL, NULL),
(1676, 232, 'UA', 'CK', 'Cherkasy Oblast', NULL, NULL),
(1677, 232, 'UA', 'CH', 'Chernihiv Oblast', NULL, NULL),
(1678, 232, 'UA', 'CV', 'Chernivtsi Oblast', NULL, NULL),
(1679, 231, 'UG', 'UG314', 'Abim', NULL, NULL),
(1680, 231, 'UG', 'UG301', 'Adjumani', NULL, NULL),
(1681, 231, 'UG', 'UG322', 'Agago', NULL, NULL),
(1682, 231, 'UG', 'UG323', 'Alebtong', NULL, NULL),
(1683, 231, 'UG', 'UG315', 'Amolatar', NULL, NULL),
(1684, 231, 'UG', 'UG324', 'Amudat', NULL, NULL),
(1685, 231, 'UG', 'UG216', 'Amuria', NULL, NULL),
(1686, 231, 'UG', 'UG316', 'Amuru', NULL, NULL),
(1687, 231, 'UG', 'UG302', 'Apac', NULL, NULL),
(1688, 231, 'UG', 'UG303', 'Arua', NULL, NULL),
(1689, 231, 'UG', 'UG217', 'Budaka', NULL, NULL),
(1690, 231, 'UG', 'UG218', 'Bududa', NULL, NULL),
(1691, 231, 'UG', 'UG201', 'Bugiri', NULL, NULL),
(1692, 231, 'UG', 'UG235', 'Bugweri', NULL, NULL),
(1693, 231, 'UG', 'UG420', 'Buhweju', NULL, NULL),
(1694, 231, 'UG', 'UG117', 'Buikwe', NULL, NULL),
(1695, 231, 'UG', 'UG219', 'Bukedea', NULL, NULL),
(1696, 231, 'UG', 'UG118', 'Bukomansimbi', NULL, NULL),
(1697, 231, 'UG', 'UG220', 'Bukwa', NULL, NULL),
(1698, 231, 'UG', 'UG225', 'Bulambuli', NULL, NULL),
(1699, 231, 'UG', 'UG416', 'Buliisa', NULL, NULL),
(1700, 231, 'UG', 'UG401', 'Bundibugyo', NULL, NULL),
(1701, 231, 'UG', 'UG430', 'Bunyangabu', NULL, NULL),
(1702, 231, 'UG', 'UG402', 'Bushenyi', NULL, NULL),
(1703, 231, 'UG', 'UG202', 'Busia', NULL, NULL),
(1704, 231, 'UG', 'UG221', 'Butaleja', NULL, NULL),
(1705, 231, 'UG', 'UG119', 'Butambala', NULL, NULL),
(1706, 231, 'UG', 'UG233', 'Butebo', NULL, NULL),
(1707, 231, 'UG', 'UG120', 'Buvuma', NULL, NULL),
(1708, 231, 'UG', 'UG226', 'Buyende', NULL, NULL),
(1709, 231, 'UG', 'UG317', 'Dokolo', NULL, NULL),
(1710, 231, 'UG', 'UG121', 'Gomba', NULL, NULL),
(1711, 231, 'UG', 'UG304', 'Gulu', NULL, NULL),
(1712, 231, 'UG', 'UG403', 'Hoima', NULL, NULL),
(1713, 231, 'UG', 'UG417', 'Ibanda', NULL, NULL),
(1714, 231, 'UG', 'UG203', 'Iganga', NULL, NULL),
(1715, 231, 'UG', 'UG418', 'Isingiro', NULL, NULL),
(1716, 231, 'UG', 'UG204', 'Jinja', NULL, NULL),
(1717, 231, 'UG', 'UG318', 'Kaabong', NULL, NULL),
(1718, 231, 'UG', 'UG404', 'Kabale', NULL, NULL),
(1719, 231, 'UG', 'UG405', 'Kabarole', NULL, NULL),
(1720, 231, 'UG', 'UG213', 'Kaberamaido', NULL, NULL),
(1721, 231, 'UG', 'UG427', 'Kagadi', NULL, NULL),
(1722, 231, 'UG', 'UG428', 'Kakumiro', NULL, NULL),
(1723, 231, 'UG', 'UG101', 'Kalangala', NULL, NULL),
(1724, 231, 'UG', 'UG222', 'Kaliro', NULL, NULL),
(1725, 231, 'UG', 'UG122', 'Kalungu', NULL, NULL),
(1726, 231, 'UG', 'UG102', 'Kampala', NULL, NULL),
(1727, 231, 'UG', 'UG205', 'Kamuli', NULL, NULL),
(1728, 231, 'UG', 'UG413', 'Kamwenge', NULL, NULL),
(1729, 231, 'UG', 'UG414', 'Kanungu', NULL, NULL),
(1730, 231, 'UG', 'UG206', 'Kapchorwa', NULL, NULL),
(1731, 231, 'UG', 'UG236', 'Kapelebyong', NULL, NULL),
(1732, 231, 'UG', 'UG126', 'Kasanda', NULL, NULL),
(1733, 231, 'UG', 'UG406', 'Kasese', NULL, NULL),
(1734, 231, 'UG', 'UG207', 'Katakwi', NULL, NULL),
(1735, 231, 'UG', 'UG112', 'Kayunga', NULL, NULL),
(1736, 231, 'UG', 'UG407', 'Kibaale', NULL, NULL),
(1737, 231, 'UG', 'UG103', 'Kiboga', NULL, NULL),
(1738, 231, 'UG', 'UG227', 'Kibuku', NULL, NULL),
(1739, 231, 'UG', 'UG432', 'Kikuube', NULL, NULL),
(1740, 231, 'UG', 'UG419', 'Kiruhura', NULL, NULL),
(1741, 231, 'UG', 'UG421', 'Kiryandongo', NULL, NULL),
(1742, 231, 'UG', 'UG408', 'Kisoro', NULL, NULL),
(1743, 231, 'UG', 'UG305', 'Kitgum', NULL, NULL),
(1744, 231, 'UG', 'UG319', 'Koboko', NULL, NULL),
(1745, 231, 'UG', 'UG325', 'Kole', NULL, NULL),
(1746, 231, 'UG', 'UG306', 'Kotido', NULL, NULL),
(1747, 231, 'UG', 'UG208', 'Kumi', NULL, NULL),
(1748, 231, 'UG', 'UG333', 'Kwania', NULL, NULL),
(1749, 231, 'UG', 'UG228', 'Kween', NULL, NULL),
(1750, 231, 'UG', 'UG123', 'Kyankwanzi', NULL, NULL),
(1751, 231, 'UG', 'UG422', 'Kyegegwa', NULL, NULL),
(1752, 231, 'UG', 'UG415', 'Kyenjojo', NULL, NULL),
(1753, 231, 'UG', 'UG125', 'Kyotera', NULL, NULL),
(1754, 231, 'UG', 'UG326', 'Lamwo', NULL, NULL),
(1755, 231, 'UG', 'UG307', 'Lira', NULL, NULL),
(1756, 231, 'UG', 'UG229', 'Luuka', NULL, NULL),
(1757, 231, 'UG', 'UG104', 'Luwero', NULL, NULL),
(1758, 231, 'UG', 'UG124', 'Lwengo', NULL, NULL),
(1759, 231, 'UG', 'UG114', 'Lyantonde', NULL, NULL),
(1760, 231, 'UG', 'UG223', 'Manafwa', NULL, NULL),
(1761, 231, 'UG', 'UG320', 'Maracha', NULL, NULL),
(1762, 231, 'UG', 'UG105', 'Masaka', NULL, NULL),
(1763, 231, 'UG', 'UG409', 'Masindi', NULL, NULL),
(1764, 231, 'UG', 'UG214', 'Mayuge', NULL, NULL),
(1765, 231, 'UG', 'UG209', 'Mbale', NULL, NULL),
(1766, 231, 'UG', 'UG410', 'Mbarara', NULL, NULL),
(1767, 231, 'UG', 'UG423', 'Mitooma', NULL, NULL),
(1768, 231, 'UG', 'UG115', 'Mityana', NULL, NULL),
(1769, 231, 'UG', 'UG308', 'Moroto', NULL, NULL),
(1770, 231, 'UG', 'UG309', 'Moyo', NULL, NULL),
(1771, 231, 'UG', 'UG106', 'Mpigi', NULL, NULL),
(1772, 231, 'UG', 'UG107', 'Mubende', NULL, NULL),
(1773, 231, 'UG', 'UG108', 'Mukono', NULL, NULL),
(1774, 231, 'UG', 'UG334', 'Nabilatuk', NULL, NULL),
(1775, 231, 'UG', 'UG311', 'Nakapiripirit', NULL, NULL),
(1776, 231, 'UG', 'UG116', 'Nakaseke', NULL, NULL),
(1777, 231, 'UG', 'UG109', 'Nakasongola', NULL, NULL),
(1778, 231, 'UG', 'UG230', 'Namayingo', NULL, NULL),
(1779, 231, 'UG', 'UG234', 'Namisindwa', NULL, NULL),
(1780, 231, 'UG', 'UG224', 'Namutumba', NULL, NULL),
(1781, 231, 'UG', 'UG327', 'Napak', NULL, NULL),
(1782, 231, 'UG', 'UG310', 'Nebbi', NULL, NULL),
(1783, 231, 'UG', 'UG231', 'Ngora', NULL, NULL),
(1784, 231, 'UG', 'UG424', 'Ntoroko', NULL, NULL),
(1785, 231, 'UG', 'UG411', 'Ntungamo', NULL, NULL),
(1786, 231, 'UG', 'UG328', 'Nwoya', NULL, NULL),
(1787, 231, 'UG', 'UG331', 'Omoro', NULL, NULL),
(1788, 231, 'UG', 'UG329', 'Otuke', NULL, NULL),
(1789, 231, 'UG', 'UG321', 'Oyam', NULL, NULL),
(1790, 231, 'UG', 'UG312', 'Pader', NULL, NULL),
(1791, 231, 'UG', 'UG332', 'Pakwach', NULL, NULL),
(1792, 231, 'UG', 'UG210', 'Pallisa', NULL, NULL),
(1793, 231, 'UG', 'UG110', 'Rakai', NULL, NULL),
(1794, 231, 'UG', 'UG429', 'Rubanda', NULL, NULL),
(1795, 231, 'UG', 'UG425', 'Rubirizi', NULL, NULL),
(1796, 231, 'UG', 'UG431', 'Rukiga', NULL, NULL),
(1797, 231, 'UG', 'UG412', 'Rukungiri', NULL, NULL),
(1798, 231, 'UG', 'UG111', 'Sembabule', NULL, NULL),
(1799, 231, 'UG', 'UG232', 'Serere', NULL, NULL),
(1800, 231, 'UG', 'UG426', 'Sheema', NULL, NULL),
(1801, 231, 'UG', 'UG215', 'Sironko', NULL, NULL),
(1802, 231, 'UG', 'UG211', 'Soroti', NULL, NULL),
(1803, 231, 'UG', 'UG212', 'Tororo', NULL, NULL),
(1804, 231, 'UG', 'UG113', 'Wakiso', NULL, NULL),
(1805, 231, 'UG', 'UG313', 'Yumbe', NULL, NULL),
(1806, 231, 'UG', 'UG330', 'Zombo', NULL, NULL),
(1807, 236, 'UM', '81', 'Baker Island', NULL, NULL),
(1808, 236, 'UM', '84', 'Howland Island', NULL, NULL),
(1809, 236, 'UM', '86', 'Jarvis Island', NULL, NULL),
(1810, 236, 'UM', '67', 'Johnston Atoll', NULL, NULL),
(1811, 236, 'UM', '89', 'Kingman Reef', NULL, NULL),
(1812, 236, 'UM', '71', 'Midway Atoll', NULL, NULL),
(1813, 236, 'UM', '76', 'Navassa Island', NULL, NULL),
(1814, 236, 'UM', '95', 'Palmyra Atoll', NULL, NULL),
(1815, 236, 'UM', '79', 'Wake Island', NULL, NULL),
(1816, 235, 'US', 'AL', 'Alabama', NULL, NULL),
(1817, 235, 'US', 'AK', 'Alaska', NULL, NULL),
(1818, 235, 'US', 'AZ', 'Arizona', NULL, NULL),
(1819, 235, 'US', 'AR', 'Arkansas', NULL, NULL),
(1820, 235, 'US', 'CA', 'California', NULL, NULL),
(1821, 235, 'US', 'CO', 'Colorado', NULL, NULL),
(1822, 235, 'US', 'CT', 'Connecticut', NULL, NULL),
(1823, 235, 'US', 'DE', 'Delaware', NULL, NULL),
(1824, 235, 'US', 'DC', 'District Of Columbia', NULL, NULL),
(1825, 235, 'US', 'FL', 'Florida', NULL, NULL),
(1826, 235, 'US', 'GA', 'Georgia', NULL, NULL),
(1827, 235, 'US', '0', 'US state of Georgia', NULL, NULL),
(1828, 235, 'US', 'HI', 'Hawaii', NULL, NULL),
(1829, 235, 'US', 'ID', 'Idaho', NULL, NULL),
(1830, 235, 'US', 'IL', 'Illinois', NULL, NULL),
(1831, 235, 'US', 'IN', 'Indiana', NULL, NULL),
(1832, 235, 'US', 'IA', 'Iowa', NULL, NULL),
(1833, 235, 'US', 'KS', 'Kansas', NULL, NULL),
(1834, 235, 'US', 'KY', 'Kentucky', NULL, NULL),
(1835, 235, 'US', 'LA', 'Louisiana', NULL, NULL),
(1836, 235, 'US', 'ME', 'Maine', NULL, NULL),
(1837, 235, 'US', 'MD', 'Maryland', NULL, NULL),
(1838, 235, 'US', 'MA', 'Massachusetts', NULL, NULL),
(1839, 235, 'US', 'MI', 'Michigan', NULL, NULL),
(1840, 235, 'US', 'MN', 'Minnesota', NULL, NULL),
(1841, 235, 'US', 'MS', 'Mississippi', NULL, NULL),
(1842, 235, 'US', 'MO', 'Missouri', NULL, NULL),
(1843, 235, 'US', 'MT', 'Montana', NULL, NULL),
(1844, 235, 'US', 'NE', 'Nebraska', NULL, NULL),
(1845, 235, 'US', 'NV', 'Nevada', NULL, NULL),
(1846, 235, 'US', 'NH', 'New Hampshire', NULL, NULL),
(1847, 235, 'US', 'NJ', 'New Jersey', NULL, NULL),
(1848, 235, 'US', 'NM', 'New Mexico', NULL, NULL),
(1849, 235, 'US', 'NY', 'New York', NULL, NULL),
(1850, 235, 'US', 'NC', 'North Carolina', NULL, NULL),
(1851, 235, 'US', 'ND', 'North Dakota', NULL, NULL),
(1852, 235, 'US', 'OH', 'Ohio', NULL, NULL),
(1853, 235, 'US', 'OK', 'Oklahoma', NULL, NULL),
(1854, 235, 'US', 'OR', 'Oregon', NULL, NULL),
(1855, 235, 'US', 'PA', 'Pennsylvania', NULL, NULL),
(1856, 235, 'US', 'RI', 'Rhode Island', NULL, NULL),
(1857, 235, 'US', 'SC', 'South Carolina', NULL, NULL),
(1858, 235, 'US', 'SD', 'South Dakota', NULL, NULL),
(1859, 235, 'US', 'TN', 'Tennessee', NULL, NULL),
(1860, 235, 'US', 'TX', 'Texas', NULL, NULL),
(1861, 235, 'US', 'UT', 'Utah', NULL, NULL),
(1862, 235, 'US', 'VT', 'Vermont', NULL, NULL),
(1863, 235, 'US', 'VA', 'Virginia', NULL, NULL),
(1864, 235, 'US', 'WA', 'Washington', NULL, NULL),
(1865, 235, 'US', 'WV', 'West Virginia', NULL, NULL),
(1866, 235, 'US', 'WI', 'Wisconsin', NULL, NULL),
(1867, 235, 'US', 'WY', 'Wyoming', NULL, NULL),
(1868, 235, 'US', 'AA', 'Armed Forces (AA)', NULL, NULL),
(1869, 235, 'US', 'AE', 'Armed Forces (AE)', NULL, NULL),
(1870, 235, 'US', 'AP', 'Armed Forces (AP)', NULL, NULL),
(1871, 237, 'UY', 'UY-AR', 'Artigas', NULL, NULL),
(1872, 237, 'UY', 'UY-CA', 'Canelones', NULL, NULL),
(1873, 237, 'UY', 'UY-CL', 'Cerro Largo', NULL, NULL),
(1874, 237, 'UY', 'UY-CO', 'Colonia', NULL, NULL),
(1875, 237, 'UY', 'UY-DU', 'Durazno', NULL, NULL),
(1876, 237, 'UY', 'UY-FS', 'Flores', NULL, NULL),
(1877, 237, 'UY', 'UY-FD', 'Florida', NULL, NULL),
(1878, 237, 'UY', 'UY-LA', 'Lavalleja', NULL, NULL),
(1879, 237, 'UY', 'UY-MA', 'Maldonado', NULL, NULL),
(1880, 237, 'UY', 'UY-MO', 'Montevideo', NULL, NULL),
(1881, 237, 'UY', 'UY-PA', 'Paysandú', NULL, NULL),
(1882, 237, 'UY', 'UY-RN', 'Río Negro', NULL, NULL),
(1883, 237, 'UY', 'UY-RV', 'Rivera', NULL, NULL),
(1884, 237, 'UY', 'UY-RO', 'Rocha', NULL, NULL),
(1885, 237, 'UY', 'UY-SA', 'Salto', NULL, NULL),
(1886, 237, 'UY', 'UY-SJ', 'San José', NULL, NULL),
(1887, 237, 'UY', 'UY-SO', 'Soriano', NULL, NULL),
(1888, 237, 'UY', 'UY-TA', 'Tacuarembó', NULL, NULL),
(1889, 237, 'UY', 'UY-TT', 'Treinta y Tres', NULL, NULL),
(1890, 241, 'VE', 'VE-A', 'Capital', NULL, NULL),
(1891, 241, 'VE', 'VE-B', 'Anzoátegui', NULL, NULL),
(1892, 241, 'VE', 'VE-C', 'Apure', NULL, NULL),
(1893, 241, 'VE', 'VE-D', 'Aragua', NULL, NULL),
(1894, 241, 'VE', 'VE-E', 'Barinas', NULL, NULL),
(1895, 241, 'VE', 'VE-F', 'Bolívar', NULL, NULL),
(1896, 241, 'VE', 'VE-G', 'Carabobo', NULL, NULL),
(1897, 241, 'VE', 'VE-H', 'Cojedes', NULL, NULL),
(1898, 241, 'VE', 'VE-I', 'Falcón', NULL, NULL),
(1899, 241, 'VE', 'VE-J', 'Guárico', NULL, NULL),
(1900, 241, 'VE', 'VE-K', 'Lara', NULL, NULL),
(1901, 241, 'VE', 'VE-L', 'Mérida', NULL, NULL),
(1902, 241, 'VE', 'VE-M', 'Miranda', NULL, NULL),
(1903, 241, 'VE', 'VE-N', 'Monagas', NULL, NULL),
(1904, 241, 'VE', 'VE-O', 'Nueva Esparta', NULL, NULL),
(1905, 241, 'VE', 'VE-P', 'Portuguesa', NULL, NULL),
(1906, 241, 'VE', 'VE-R', 'Sucre', NULL, NULL),
(1907, 241, 'VE', 'VE-S', 'Táchira', NULL, NULL),
(1908, 241, 'VE', 'VE-T', 'Trujillo', NULL, NULL),
(1909, 241, 'VE', 'VE-U', 'Yaracuy', NULL, NULL),
(1910, 241, 'VE', 'VE-V', 'Zulia', NULL, NULL),
(1911, 241, 'VE', 'VE-W', 'Federal Dependencies', NULL, NULL),
(1912, 241, 'VE', 'VE-X', 'La Guaira (Vargas)', NULL, NULL),
(1913, 241, 'VE', 'VE-Y', 'Delta Amacuro', NULL, NULL),
(1914, 241, 'VE', 'VE-Z', 'Amazonas', NULL, NULL),
(1915, 204, 'ZA', 'EC', 'Eastern Cape', NULL, NULL),
(1916, 204, 'ZA', 'FS', 'Free State', NULL, NULL),
(1917, 204, 'ZA', 'GP', 'Gauteng', NULL, NULL),
(1918, 204, 'ZA', 'KZN', 'KwaZulu-Natal', NULL, NULL),
(1919, 204, 'ZA', 'LP', 'Limpopo', NULL, NULL),
(1920, 204, 'ZA', 'MP', 'Mpumalanga', NULL, NULL),
(1921, 204, 'ZA', 'NC', 'Northern Cape', NULL, NULL),
(1922, 204, 'ZA', 'NW', 'North West', NULL, NULL),
(1923, 204, 'ZA', 'WC', 'Western Cape', NULL, NULL),
(1924, 248, 'ZM', 'ZM-01', 'Western', NULL, NULL),
(1925, 248, 'ZM', 'ZM-02', 'Central', NULL, NULL),
(1926, 248, 'ZM', 'ZM-03', 'Eastern', NULL, NULL),
(1927, 248, 'ZM', 'ZM-04', 'Luapula', NULL, NULL),
(1928, 248, 'ZM', 'ZM-05', 'Northern', NULL, NULL),
(1929, 248, 'ZM', 'ZM-06', 'North-Western', NULL, NULL),
(1930, 248, 'ZM', 'ZM-07', 'Southern', NULL, NULL),
(1931, 248, 'ZM', 'ZM-08', 'Copperbelt', NULL, NULL),
(1932, 248, 'ZM', 'ZM-09', 'Lusaka', NULL, NULL),
(1933, 248, 'ZM', 'ZM-10', 'Muchinga', NULL, NULL);

--
-- Indexes for dumped tables
--

--
-- Indexes for table `admin`
--
ALTER TABLE `admin`
  ADD PRIMARY KEY (`admin_id`);

--
-- Indexes for table `categories`
--
ALTER TABLE `categories`
  ADD PRIMARY KEY (`s_id`);

--
-- Indexes for table `countries`
--
ALTER TABLE `countries`
  ADD PRIMARY KEY (`id`),
  ADD UNIQUE KEY `countries_code_unique` (`code`);

--
-- Indexes for table `customers`
--
ALTER TABLE `customers`
  ADD PRIMARY KEY (`c_id`);

--
-- Indexes for table `cust_name_phone`
--
ALTER TABLE `cust_name_phone`
  ADD PRIMARY KEY (`cust_id`);

--
-- Indexes for table `locations`
--
ALTER TABLE `locations`
  ADD PRIMARY KEY (`l_id`);

--
-- Indexes for table `review_form`
--
ALTER TABLE `review_form`
  ADD PRIMARY KEY (`re_id`);

--
-- Indexes for table `services`
--
ALTER TABLE `services`
  ADD PRIMARY KEY (`se_id`);

--
-- Indexes for table `staffs`
--
ALTER TABLE `staffs`
  ADD PRIMARY KEY (`st_id`);

--
-- Indexes for table `states`
--
ALTER TABLE `states`
  ADD PRIMARY KEY (`id`),
  ADD KEY `states_con_id_foreign` (`con_id`);

--
-- AUTO_INCREMENT for dumped tables
--

--
-- AUTO_INCREMENT for table `admin`
--
ALTER TABLE `admin`
  MODIFY `admin_id` int(11) NOT NULL AUTO_INCREMENT, AUTO_INCREMENT=2;

--
-- AUTO_INCREMENT for table `categories`
--
ALTER TABLE `categories`
  MODIFY `s_id` int(11) NOT NULL AUTO_INCREMENT, AUTO_INCREMENT=20;

--
-- AUTO_INCREMENT for table `countries`
--
ALTER TABLE `countries`
  MODIFY `id` bigint(20) UNSIGNED NOT NULL AUTO_INCREMENT, AUTO_INCREMENT=250;

--
-- AUTO_INCREMENT for table `customers`
--
ALTER TABLE `customers`
  MODIFY `c_id` int(11) NOT NULL AUTO_INCREMENT, AUTO_INCREMENT=3;

--
-- AUTO_INCREMENT for table `cust_name_phone`
--
ALTER TABLE `cust_name_phone`
  MODIFY `cust_id` int(11) NOT NULL AUTO_INCREMENT, AUTO_INCREMENT=6;

--
-- AUTO_INCREMENT for table `locations`
--
ALTER TABLE `locations`
  MODIFY `l_id` int(11) NOT NULL AUTO_INCREMENT, AUTO_INCREMENT=10;

--
-- AUTO_INCREMENT for table `review_form`
--
ALTER TABLE `review_form`
  MODIFY `re_id` int(11) NOT NULL AUTO_INCREMENT, AUTO_INCREMENT=4;

--
-- AUTO_INCREMENT for table `services`
--
ALTER TABLE `services`
  MODIFY `se_id` int(11) NOT NULL AUTO_INCREMENT, AUTO_INCREMENT=343;

--
-- AUTO_INCREMENT for table `staffs`
--
ALTER TABLE `staffs`
  MODIFY `st_id` int(11) NOT NULL AUTO_INCREMENT, AUTO_INCREMENT=64;

--
-- AUTO_INCREMENT for table `states`
--
ALTER TABLE `states`
  MODIFY `id` bigint(20) UNSIGNED NOT NULL AUTO_INCREMENT, AUTO_INCREMENT=1934;

--
-- Constraints for dumped tables
--

--
-- Constraints for table `states`
--
ALTER TABLE `states`
  ADD CONSTRAINT `states_con_id_foreign` FOREIGN KEY (`con_id`) REFERENCES `countries` (`id`) ON DELETE SET NULL;
COMMIT;

/*!40101 SET CHARACTER_SET_CLIENT=@OLD_CHARACTER_SET_CLIENT */;
/*!40101 SET CHARACTER_SET_RESULTS=@OLD_CHARACTER_SET_RESULTS */;
/*!40101 SET COLLATION_CONNECTION=@OLD_COLLATION_CONNECTION */;
